"Number in Query","Query","Dist","CDR3.alpha.aa","CDR3.beta.aa","Species","Category","Pathology","Pathology.Mesh.ID","Additional.study.details","Antigen.identification.method","Single.cell","NGS","Antigen.protein","Protein.ID","Epitope.peptide","Epitope.ID","MHC","Tissue","T.Cell.Type","T.cell.characteristics","CDR3.alpha.nt","TRAV","TRAJ","TRBV","TRBD","TRBJ","Reconstructed.J.annotation","CDR3.beta.nt","Mouse.strain","PubMed.ID","Remarks"
2,"VLEETSVML",0,NA,"CASSVRQEPYNEQF","Human","Pathogens","Cytomegalovirus (CMV)","D003586","CMV","1","No","No","pp65","P06725","VLEETSVML","69452","HLA-A*01","Lymph Nodes+PBMC","CD8",NA,NA,NA,NA,"TRBV7-08",NA,"TRBJ2-1","No",NA,NA,25339770,NA
2,"VLEETSVML",0,NA,"CSVGQGATEQYF","Human","Pathogens","Cytomegalovirus (CMV)","D003586","CMV","1","No","No","pp65","P06725","VLEETSVML","69452","HLA-A*01","Lymph Nodes+PBMC","CD8",NA,NA,NA,NA,"TRBV29-01",NA,"TRBJ2-7","No",NA,NA,25339770,NA
2,"VLEETSVML",0,NA,"CASSLGQGGVETQYF","Human","Pathogens","Cytomegalovirus (CMV)","D003586",NA,"1","Yes","Yes","IE1","P06725","VLEETSVML","69452",NA,NA,NA,NA,NA,NA,NA,"TRBV7-3",NA,"TRBJ2-5",NA,NA,NA,35401538,NA
2,"VLEETSVML",0,NA,"CASSPGQGGVETQYF","Human","Pathogens","Cytomegalovirus (CMV)","D003586",NA,"1","Yes","Yes","IE1","P06725","VLEETSVML","69452",NA,NA,NA,NA,NA,NA,NA,"TRBV7-3",NA,"TRBJ2-5",NA,NA,NA,35401538,NA
4,"VTEHDTLLY",0,NA,"CASRHPLQGKSGYGYTF","Human","Pathogens","Cytomegalovirus (CMV)","D003586",NA,"1","No","Yes","pp50","P16790","VTEHDTLLY","71290","HLA-A1","PBMC","CD8",NA,NA,NA,NA,"TRBV10-2",NA,"TRBJ1-2","No","TGCGCCAGCAGACACCCACTACAGGGAAAGAGTGGCTATGGCTACACCTTC",NA,28636589,NA
4,"VTEHDTLLY",0,NA,"CASSPGTGTYGYTF","Human","Pathogens","Cytomegalovirus (CMV)","D003586",NA,"1","No","Yes","pp50","P16790","VTEHDTLLY","71290","HLA-A1","PBMC","CD8",NA,NA,NA,NA,"TRBV10-2",NA,"TRBJ1-2","No","TGCGCCAGCAGTCCCGGGACAGGGACCTATGGCTACACCTTC",NA,28636589,NA
4,"VTEHDTLLY",0,NA,"CASRTSRQGIPEAFF","Human","Pathogens","Cytomegalovirus (CMV)","D003586",NA,"1","No","Yes","pp50","P16790","VTEHDTLLY","71290","HLA-A1","PBMC","CD8",NA,NA,NA,NA,"TRBV12-3",NA,"TRBJ1-1","No","TGTGCCAGCAGGACCTCCCGACAGGGGATCCCTGAAGCTTTCTTT",NA,28636589,NA
4,"VTEHDTLLY",0,NA,"CASSPGPTGELFF","Human","Pathogens","Cytomegalovirus (CMV)","D003586",NA,"1","No","Yes","pp50","P16790","VTEHDTLLY","71290","HLA-A1","PBMC","CD8",NA,NA,NA,NA,"TRBV12-3",NA,"TRBJ2-2","No","TGTGCCAGCAGTCCGGGACCCACCGGGGAGCTGTTTTTT",NA,28636589,NA
4,"VTEHDTLLY",0,NA,"CASGLDGGPEQFF","Human","Pathogens","Cytomegalovirus (CMV)","D003586",NA,"1","No","Yes","pp50","P16790","VTEHDTLLY","71290","HLA-A1","PBMC","CD8",NA,NA,NA,NA,"TRBV12-5",NA,"TRBJ2-1","No","TGTGCTAGTGGTTTGGATGGGGGTCCTGAGCAGTTCTTC",NA,28636589,NA
4,"VTEHDTLLY",0,NA,"CASSSGTFYGYTF","Human","Pathogens","Cytomegalovirus (CMV)","D003586",NA,"1","No","Yes","pp50","P16790","VTEHDTLLY","71290","HLA-A1","PBMC","CD8",NA,NA,NA,NA,"TRBV12-5",NA,"TRBJ1-2","No","TGTGCCAGCAGTTCCGGGACATTCTATGGCTACACCTTC",NA,28636589,NA
4,"VTEHDTLLY",0,NA,"CASSPRGRYYEQYF","Human","Pathogens","Cytomegalovirus (CMV)","D003586",NA,"1","No","Yes","pp50","P16790","VTEHDTLLY","71290","HLA-A1","PBMC","CD8",NA,NA,NA,NA,"TRBV13",NA,"TRBJ2-7","No","TGTGCCAGCAGCCCCCGGGGCCGATACTACGAGCAGTACTTC",NA,28636589,NA
4,"VTEHDTLLY",0,NA,"CASNWQGPYNEQFF","Human","Pathogens","Cytomegalovirus (CMV)","D003586",NA,"1","No","Yes","pp50","P16790","VTEHDTLLY","71290","HLA-A1","PBMC","CD8",NA,NA,NA,NA,"TRBV14",NA,"TRBJ2-1","No","TGTGCCAGCAATTGGCAGGGTCCCTACAATGAGCAGTTCTTC",NA,28636589,NA
4,"VTEHDTLLY",0,NA,"CASREEGCQPQHF","Human","Pathogens","Cytomegalovirus (CMV)","D003586",NA,"1","No","Yes","pp50","P16790","VTEHDTLLY","71290","HLA-A1","PBMC","CD8",NA,NA,NA,NA,"TRBV14",NA,"TRBJ1-5","No","TGTGCCAGCAGGGAGGAAGGGTGTCAGCCCCAGCATTTT",NA,28636589,NA
4,"VTEHDTLLY",0,NA,"CASRKGGSDTQYF","Human","Pathogens","Cytomegalovirus (CMV)","D003586",NA,"1","No","Yes","pp50","P16790","VTEHDTLLY","71290","HLA-A1","PBMC","CD8",NA,NA,NA,NA,"TRBV14",NA,"TRBJ2-3","No","TGTGCCAGCAGAAAGGGGGGCTCAGATACGCAGTATTTT",NA,28636589,NA
4,"VTEHDTLLY",0,NA,"CASSQAHEFRGNTIYF","Human","Pathogens","Cytomegalovirus (CMV)","D003586",NA,"1","No","Yes","pp50","P16790","VTEHDTLLY","71290","HLA-A1","PBMC","CD8",NA,NA,NA,NA,"TRBV14",NA,"TRBJ1-3","No","TGTGCCAGCAGCCAGGCTCATGAGTTTCGTGGAAACACCATATATTTT",NA,28636589,NA
4,"VTEHDTLLY",0,NA,"CASSQDRVGTIFYGYTF","Human","Pathogens","Cytomegalovirus (CMV)","D003586",NA,"1","No","Yes","pp50","P16790","VTEHDTLLY","71290","HLA-A1","PBMC","CD8",NA,NA,NA,NA,"TRBV14",NA,"TRBJ1-2","No","TGTGCCAGCAGCCAAGATCGCGTCGGGACAATCTTCTATGGCTACACCTTC",NA,28636589,NA
4,"VTEHDTLLY",0,NA,"CASSQDWDTQYF","Human","Pathogens","Cytomegalovirus (CMV)","D003586",NA,"1","No","Yes","pp50","P16790","VTEHDTLLY","71290","HLA-A1","PBMC","CD8",NA,NA,NA,NA,"TRBV14",NA,"TRBJ2-3","No","TGTGCCAGCAGCCAAGATTGGGATACGCAGTATTTT",NA,28636589,NA
4,"VTEHDTLLY",0,NA,"CASSQGASADTQYF","Human","Pathogens","Cytomegalovirus (CMV)","D003586",NA,"1","No","Yes","pp50","P16790","VTEHDTLLY","71290","HLA-A1","PBMC","CD8",NA,NA,NA,NA,"TRBV14",NA,"TRBJ2-3","No","TGTGCCAGCAGCCAGGGGGCTAGCGCGGATACGCAGTATTTT",NA,28636589,NA
4,"VTEHDTLLY",0,NA,"CATHRAGGFNEQFF","Human","Pathogens","Cytomegalovirus (CMV)","D003586",NA,"1","No","Yes","pp50","P16790","VTEHDTLLY","71290","HLA-A1","PBMC","CD8",NA,NA,NA,NA,"TRBV15",NA,"TRBJ2-1","No","TGTGCCACCCATCGGGCAGGGGGGTTCAATGAGCAGTTCTTC",NA,28636589,NA
4,"VTEHDTLLY",0,NA,"CATSPRGGNQPQHF","Human","Pathogens","Cytomegalovirus (CMV)","D003586",NA,"1","No","Yes","pp50","P16790","VTEHDTLLY","71290","HLA-A1","PBMC","CD8",NA,NA,NA,NA,"TRBV15",NA,"TRBJ1-5","No","TGTGCCACCAGCCCCCGGGGTGGCAATCAGCCCCAGCATTTT",NA,28636589,NA
4,"VTEHDTLLY",0,NA,"CATSSLSGRVTGELFF","Human","Pathogens","Cytomegalovirus (CMV)","D003586",NA,"1","No","Yes","pp50","P16790","VTEHDTLLY","71290","HLA-A1","PBMC","CD8",NA,NA,NA,NA,"TRBV15",NA,"TRBJ2-2","No","TGTGCCACCAGCTCCCTTAGCGGGAGGGTAACCGGGGAGCTGTTTTTT",NA,28636589,NA
4,"VTEHDTLLY",0,NA,"CASSQQGPEQFF","Human","Pathogens","Cytomegalovirus (CMV)","D003586",NA,"1","No","Yes","pp50","P16790","VTEHDTLLY","71290","HLA-A1","PBMC","CD8",NA,NA,NA,NA,"TRBV19",NA,"TRBJ2-1","No","TGTGCCAGTAGTCAACAGGGCCCTGAGCAGTTCTTC",NA,28636589,NA
4,"VTEHDTLLY",0,NA,"CSANSVSYNEQFF","Human","Pathogens","Cytomegalovirus (CMV)","D003586",NA,"1","No","Yes","pp50","P16790","VTEHDTLLY","71290","HLA-A1","PBMC","CD8",NA,NA,NA,NA,"TRBV20-1",NA,"TRBJ2-1","No","TGCAGTGCTAATTCTGTCTCCTACAATGAGCAGTTCTTC",NA,28636589,NA
4,"VTEHDTLLY",0,NA,"CSARALGLVWSDEQFF","Human","Pathogens","Cytomegalovirus (CMV)","D003586",NA,"1","No","Yes","pp50","P16790","VTEHDTLLY","71290","HLA-A1","PBMC","CD8",NA,NA,NA,NA,"TRBV20-1",NA,"TRBJ2-1","No","TGCAGTGCTAGAGCTCTGGGACTAGTCTGGTCAGATGAGCAGTTCTTC",NA,28636589,NA
4,"VTEHDTLLY",0,NA,"CSARDLDSLSYEQYF","Human","Pathogens","Cytomegalovirus (CMV)","D003586",NA,"1","No","Yes","pp50","P16790","VTEHDTLLY","71290","HLA-A1","PBMC","CD8",NA,NA,NA,NA,"TRBV20-1",NA,"TRBJ2-7","No","TGCAGTGCTAGAGATCTCGATTCCCTTTCCTACGAGCAGTACTTC",NA,28636589,NA
4,"VTEHDTLLY",0,NA,"CSARDRDRAMNTEAFF","Human","Pathogens","Cytomegalovirus (CMV)","D003586",NA,"1","No","Yes","pp50","P16790","VTEHDTLLY","71290","HLA-A1","PBMC","CD8",NA,NA,NA,NA,"TRBV20-1",NA,"TRBJ1-1","No","TGCAGTGCTAGAGATCGGGACAGGGCCATGAACACTGAAGCTTTCTTT",NA,28636589,NA
4,"VTEHDTLLY",0,NA,"CSARDRGWDEQFF","Human","Pathogens","Cytomegalovirus (CMV)","D003586",NA,"1","No","Yes","pp50","P16790","VTEHDTLLY","71290","HLA-A1","PBMC","CD8",NA,NA,NA,NA,"TRBV20-1",NA,"TRBJ2-1","No","TGCAGTGCTAGAGACAGGGGCTGGGATGAGCAGTTCTTC",NA,28636589,NA
4,"VTEHDTLLY",0,NA,"CSARDTLAGGVQETQYF","Human","Pathogens","Cytomegalovirus (CMV)","D003586",NA,"1","No","Yes","pp50","P16790","VTEHDTLLY","71290","HLA-A1","PBMC","CD8",NA,NA,NA,NA,"TRBV20-1",NA,"TRBJ2-5","No","TGCAGTGCTAGAGATACACTAGCGGGAGGGGTACAAGAGACCCAGTACTTC",NA,28636589,NA
4,"VTEHDTLLY",0,NA,"CSATGTSGRVETQYF","Human","Pathogens","Cytomegalovirus (CMV)","D003586",NA,"1","No","Yes","pp50","P16790","VTEHDTLLY","71290","HLA-A1","PBMC","CD8",NA,NA,NA,NA,"TRBV20-1",NA,"TRBJ2-5","No","TGCAGTGCTACTGGGACTAGCGGGAGGGTAGAGACCCAGTACTTC",NA,28636589,NA
4,"VTEHDTLLY",0,NA,"CSQQVNNEQFF","Human","Pathogens","Cytomegalovirus (CMV)","D003586",NA,"1","No","Yes","pp50","P16790","VTEHDTLLY","71290","HLA-A1","PBMC","CD8",NA,NA,NA,NA,"TRBV20-1",NA,"TRBJ2-1","No","TGCAGTCAACAAGTGAACAATGAGCAGTTCTTC",NA,28636589,NA
4,"VTEHDTLLY",0,NA,"CSVPSDMSKKTQYF","Human","Pathogens","Cytomegalovirus (CMV)","D003586",NA,"1","No","Yes","pp50","P16790","VTEHDTLLY","71290","HLA-A1","PBMC","CD8",NA,NA,NA,NA,"TRBV20-1",NA,"TRBJ2-5","No","TGCAGTGTACCTTCCGACATGTCCAAAAAGACCCAGTACTTC",NA,28636589,NA
4,"VTEHDTLLY",0,NA,"CASSSLGTEAFF","Human","Pathogens","Cytomegalovirus (CMV)","D003586",NA,"1","No","Yes","pp50","P16790","VTEHDTLLY","71290","HLA-A1","PBMC","CD8",NA,NA,NA,NA,"TRBV27",NA,"TRBJ1-1","No","TGTGCCAGCAGTTCCCTGGGTACTGAAGCTTTCTTT",NA,28636589,NA
4,"VTEHDTLLY",0,NA,"CASSDLAVSYNEQFF","Human","Pathogens","Cytomegalovirus (CMV)","D003586",NA,"1","No","Yes","pp50","P16790","VTEHDTLLY","71290","HLA-A1","PBMC","CD8",NA,NA,NA,NA,"TRBV28",NA,"TRBJ2-1","No","TGTGCCAGCAGTGACCTAGCGGTCTCCTACAATGAGCAGTTCTTC",NA,28636589,NA
4,"VTEHDTLLY",0,NA,"CSALGGDGETQYF","Human","Pathogens","Cytomegalovirus (CMV)","D003586",NA,"1","No","Yes","pp50","P16790","VTEHDTLLY","71290","HLA-A1","PBMC","CD8",NA,NA,NA,NA,"TRBV29-1",NA,"TRBJ2-5","No","TGCAGCGCCCTGGGGGGGGATGGAGAGACCCAGTACTTC",NA,28636589,NA
4,"VTEHDTLLY",0,NA,"CSGLTESPAHYSGANVLTF","Human","Pathogens","Cytomegalovirus (CMV)","D003586",NA,"1","No","Yes","pp50","P16790","VTEHDTLLY","71290","HLA-A1","PBMC","CD8",NA,NA,NA,NA,"TRBV29-1",NA,"TRBJ2-6","No","TGCAGCGGCCTAACAGAATCCCCCGCCCATTACTCTGGGGCCAACGTCCTGACTTTC",NA,28636589,NA
4,"VTEHDTLLY",0,NA,"CSGRLTGGNEQYF","Human","Pathogens","Cytomegalovirus (CMV)","D003586",NA,"1","No","Yes","pp50","P16790","VTEHDTLLY","71290","HLA-A1","PBMC","CD8",NA,NA,NA,NA,"TRBV29-1",NA,"TRBJ2-7","No","TGCAGCGGGCGTCTGACAGGTGGAAACGAGCAGTACTTC",NA,28636589,NA
4,"VTEHDTLLY",0,NA,"CSHRTGLGIEAFF","Human","Pathogens","Cytomegalovirus (CMV)","D003586",NA,"1","No","Yes","pp50","P16790","VTEHDTLLY","71290","HLA-A1","PBMC","CD8",NA,NA,NA,NA,"TRBV29-1",NA,"TRBJ1-1","No","TGCAGCCATCGGACGGGGCTGGGGATTGAAGCTTTCTTT",NA,28636589,NA
4,"VTEHDTLLY",0,NA,"CSVEDAGGTYEQYF","Human","Pathogens","Cytomegalovirus (CMV)","D003586",NA,"1","No","Yes","pp50","P16790","VTEHDTLLY","71290","HLA-A1","PBMC","CD8",NA,NA,NA,NA,"TRBV29-1",NA,"TRBJ2-7","No","TGCAGCGTTGAAGATGCCGGGGGGACCTACGAGCAGTACTTC",NA,28636589,NA
4,"VTEHDTLLY",0,NA,"CSVEEGAYEQYF","Human","Pathogens","Cytomegalovirus (CMV)","D003586",NA,"1","No","Yes","pp50","P16790","VTEHDTLLY","71290","HLA-A1","PBMC","CD8",NA,NA,NA,NA,"TRBV29-1",NA,"TRBJ2-7","No","TGCAGCGTTGAAGAGGGGGCCTACGAGCAGTACTTC",NA,28636589,NA
4,"VTEHDTLLY",0,NA,"CSVERTGELFF","Human","Pathogens","Cytomegalovirus (CMV)","D003586",NA,"1","No","Yes","pp50","P16790","VTEHDTLLY","71290","HLA-A1","PBMC","CD8",NA,NA,NA,NA,"TRBV29-1",NA,"TRBJ2-2","No","TGCAGCGTTGAGCGAACCGGGGAGCTGTTTTTT",NA,28636589,NA
4,"VTEHDTLLY",0,NA,"CSVGEPGQSSYEQYF","Human","Pathogens","Cytomegalovirus (CMV)","D003586",NA,"1","No","Yes","pp50","P16790","VTEHDTLLY","71290","HLA-A1","PBMC","CD8",NA,NA,NA,NA,"TRBV29-1",NA,"TRBJ2-7","No","TGCAGCGTTGGGGAACCGGGACAGAGCTCCTACGAGCAGTACTTC",NA,28636589,NA
4,"VTEHDTLLY",0,NA,"CSVGGSTDTQYF","Human","Pathogens","Cytomegalovirus (CMV)","D003586",NA,"1","No","Yes","pp50","P16790","VTEHDTLLY","71290","HLA-A1","PBMC","CD8",NA,NA,NA,NA,"TRBV29-1",NA,"TRBJ2-3","No","TGCAGCGTCGGGGGGAGCACAGATACGCAGTATTTT",NA,28636589,NA
4,"VTEHDTLLY",0,NA,"CSVLGGGGYEQYF","Human","Pathogens","Cytomegalovirus (CMV)","D003586",NA,"1","No","Yes","pp50","P16790","VTEHDTLLY","71290","HLA-A1","PBMC","CD8",NA,NA,NA,NA,"TRBV29-1",NA,"TRBJ2-7","No","TGCAGCGTCCTGGGGGGAGGCGGCTACGAGCAGTACTTC",NA,28636589,NA
4,"VTEHDTLLY",0,NA,"CSVLTGTGYEQYF","Human","Pathogens","Cytomegalovirus (CMV)","D003586",NA,"1","No","Yes","pp50","P16790","VTEHDTLLY","71290","HLA-A1","PBMC","CD8",NA,NA,NA,NA,"TRBV29-1",NA,"TRBJ2-7","No","TGCAGCGTTCTGACAGGGACCGGCTACGAGCAGTACTTC",NA,28636589,NA
4,"VTEHDTLLY",0,NA,"CSVNEGSDEQYF","Human","Pathogens","Cytomegalovirus (CMV)","D003586",NA,"1","No","Yes","pp50","P16790","VTEHDTLLY","71290","HLA-A1","PBMC","CD8",NA,NA,NA,NA,"TRBV29-1",NA,"TRBJ2-7","No","TGCAGCGTAAACGAGGGATCGGACGAGCAGTACTTC",NA,28636589,NA
4,"VTEHDTLLY",0,NA,"CSVRPGGSYNEQFF","Human","Pathogens","Cytomegalovirus (CMV)","D003586",NA,"1","No","Yes","pp50","P16790","VTEHDTLLY","71290","HLA-A1","PBMC","CD8",NA,NA,NA,NA,"TRBV29-1",NA,"TRBJ2-1","No","TGCAGCGTGAGACCGGGGGGCTCCTACAATGAGCAGTTCTTC",NA,28636589,NA
4,"VTEHDTLLY",0,NA,"CSVRTGGLGANVLTF","Human","Pathogens","Cytomegalovirus (CMV)","D003586",NA,"1","No","Yes","pp50","P16790","VTEHDTLLY","71290","HLA-A1","PBMC","CD8",NA,NA,NA,NA,"TRBV29-1",NA,"TRBJ2-6","No","TGCAGCGTTCGGACAGGGGGGTTAGGGGCCAACGTCCTGACTTTC",NA,28636589,NA
4,"VTEHDTLLY",0,NA,"CSVSLGPAGPPF","Human","Pathogens","Cytomegalovirus (CMV)","D003586",NA,"1","No","Yes","pp50","P16790","VTEHDTLLY","71290","HLA-A1","PBMC","CD8",NA,NA,NA,NA,"TRBV29-1",NA,"TRBJ1-2","No","TGCAGCGTGAGCCTCGGGCCGGCCGGCCCCCCCTTC",NA,28636589,NA
4,"VTEHDTLLY",0,NA,"CSVVAGGADTQYF","Human","Pathogens","Cytomegalovirus (CMV)","D003586",NA,"1","No","Yes","pp50","P16790","VTEHDTLLY","71290","HLA-A1","PBMC","CD8",NA,NA,NA,NA,"TRBV29-1",NA,"TRBJ2-3","No","TGCAGCGTTGTGGCAGGGGGTGCAGATACGCAGTATTTT",NA,28636589,NA
4,"VTEHDTLLY",0,NA,"CACRPRALYGYTF","Human","Pathogens","Cytomegalovirus (CMV)","D003586",NA,"1","No","Yes","pp50","P16790","VTEHDTLLY","71290","HLA-A1","PBMC","CD8",NA,NA,NA,NA,"TRBV30",NA,"TRBJ1-2","No","TGTGCCTGTCGCCCCAGGGCTTTATATGGCTACACCTTC",NA,28636589,NA
4,"VTEHDTLLY",0,NA,"CAWNKGIAGYTF","Human","Pathogens","Cytomegalovirus (CMV)","D003586",NA,"1","No","Yes","pp50","P16790","VTEHDTLLY","71290","HLA-A1","PBMC","CD8",NA,NA,NA,NA,"TRBV30",NA,"TRBJ1-2","No","TGTGCCTGGAATAAGGGGATAGCTGGCTACACCTTC",NA,28636589,NA
4,"VTEHDTLLY",0,NA,"CAWRPEPGQEEFNAYF","Human","Pathogens","Cytomegalovirus (CMV)","D003586",NA,"1","No","Yes","pp50","P16790","VTEHDTLLY","71290","HLA-A1","PBMC","CD8",NA,NA,NA,NA,"TRBV30",NA,"TRBJ2-7","No","TGTGCCTGGAGACCCGAACCGGGACAGGAGGAGTTTAACGCGTACTTC",NA,28636589,NA
4,"VTEHDTLLY",0,NA,"CAWSAGVNTGELFF","Human","Pathogens","Cytomegalovirus (CMV)","D003586",NA,"1","No","Yes","pp50","P16790","VTEHDTLLY","71290","HLA-A1","PBMC","CD8",NA,NA,NA,NA,"TRBV30",NA,"TRBJ2-2","No","TGTGCCTGGAGTGCAGGTGTGAACACCGGGGAGCTGTTTTTT",NA,28636589,NA
4,"VTEHDTLLY",0,NA,"CAWSLPASYEQYF","Human","Pathogens","Cytomegalovirus (CMV)","D003586",NA,"1","No","Yes","pp50","P16790","VTEHDTLLY","71290","HLA-A1","PBMC","CD8",NA,NA,NA,NA,"TRBV30",NA,"TRBJ2-7","No","TGTGCCTGGAGTCTCCCAGCTTCCTACGAGCAGTACTTC",NA,28636589,NA
4,"VTEHDTLLY",0,NA,"CAWSLVEGTGELFF","Human","Pathogens","Cytomegalovirus (CMV)","D003586",NA,"1","No","Yes","pp50","P16790","VTEHDTLLY","71290","HLA-A1","PBMC","CD8",NA,NA,NA,NA,"TRBV30",NA,"TRBJ2-2","No","TGTGCCTGGAGTCTGGTGGAGGGCACCGGGGAGCTGTTTTTT",NA,28636589,NA
4,"VTEHDTLLY",0,NA,"CAWSVLGGAVETQYF","Human","Pathogens","Cytomegalovirus (CMV)","D003586",NA,"1","No","Yes","pp50","P16790","VTEHDTLLY","71290","HLA-A1","PBMC","CD8",NA,NA,NA,NA,"TRBV30",NA,"TRBJ2-5","No","TGTGCCTGGAGTGTACTTGGAGGGGCAGTGGAGACCCAGTACTTC",NA,28636589,NA
4,"VTEHDTLLY",0,NA,"CAWSVYRGYEQYF","Human","Pathogens","Cytomegalovirus (CMV)","D003586",NA,"1","No","Yes","pp50","P16790","VTEHDTLLY","71290","HLA-A1","PBMC","CD8",NA,NA,NA,NA,"TRBV30",NA,"TRBJ2-7","No","TGTGCCTGGAGTGTATATAGAGGTTACGAGCAGTACTTC",NA,28636589,NA
4,"VTEHDTLLY",0,NA,"CAWSWSGGGTGELFF","Human","Pathogens","Cytomegalovirus (CMV)","D003586",NA,"1","No","Yes","pp50","P16790","VTEHDTLLY","71290","HLA-A1","PBMC","CD8",NA,NA,NA,NA,"TRBV30",NA,"TRBJ2-2","No","TGTGCCTGGAGTTGGAGCGGGGGGGGGACCGGGGAGCTGTTTTTT",NA,28636589,NA
4,"VTEHDTLLY",0,NA,"CAWSWSSTDTQYF","Human","Pathogens","Cytomegalovirus (CMV)","D003586",NA,"1","No","Yes","pp50","P16790","VTEHDTLLY","71290","HLA-A1","PBMC","CD8",NA,NA,NA,NA,"TRBV30",NA,"TRBJ2-3","No","TGTGCCTGGAGTTGGTCATCCACAGATACGCAGTATTTT",NA,28636589,NA
4,"VTEHDTLLY",0,NA,"CAWTSGGASEQYF","Human","Pathogens","Cytomegalovirus (CMV)","D003586",NA,"1","No","Yes","pp50","P16790","VTEHDTLLY","71290","HLA-A1","PBMC","CD8",NA,NA,NA,NA,"TRBV30",NA,"TRBJ2-7","No","TGTGCCTGGACGTCGGGAGGGGCAAGCGAGCAGTACTTC",NA,28636589,NA
4,"VTEHDTLLY",0,NA,"CASSLGTSGSYEQYF","Human","Pathogens","Cytomegalovirus (CMV)","D003586",NA,"1","No","Yes","pp50","P16790","VTEHDTLLY","71290","HLA-A1","PBMC","CD8",NA,NA,NA,NA,"TRBV4-1",NA,"TRBJ2-7","No","TGCGCCAGCAGCCTCGGGACTAGCGGCTCCTACGAGCAGTACTTC",NA,28636589,NA
4,"VTEHDTLLY",0,NA,"CASSPGPGAGYGYTF","Human","Pathogens","Cytomegalovirus (CMV)","D003586",NA,"1","No","Yes","pp50","P16790","VTEHDTLLY","71290","HLA-A1","PBMC","CD8",NA,NA,NA,NA,"TRBV4-1",NA,"TRBJ1-2","No","TGCGCCAGCAGCCCCGGGCCGGGGGCTGGCTATGGCTACACCTTC",NA,28636589,NA
4,"VTEHDTLLY",0,NA,"CASSPGQLLTF","Human","Pathogens","Cytomegalovirus (CMV)","D003586",NA,"1","No","Yes","pp50","P16790","VTEHDTLLY","71290","HLA-A1","PBMC","CD8",NA,NA,NA,NA,"TRBV4-1",NA,"TRBJ1-2","No","TGCGCCAGCAGCCCAGGACAGCTACTGACCTTC",NA,28636589,NA
4,"VTEHDTLLY",0,NA,"CASSPIGGLEETQYF","Human","Pathogens","Cytomegalovirus (CMV)","D003586",NA,"1","No","Yes","pp50","P16790","VTEHDTLLY","71290","HLA-A1","PBMC","CD8",NA,NA,NA,NA,"TRBV4-1",NA,"TRBJ2-5","No","TGCGCCAGCAGCCCCATCGGGGGGCTAGAAGAGACCCAGTACTTC",NA,28636589,NA
4,"VTEHDTLLY",0,NA,"CASSQAGSNYGYTF","Human","Pathogens","Cytomegalovirus (CMV)","D003586",NA,"1","No","Yes","pp50","P16790","VTEHDTLLY","71290","HLA-A1","PBMC","CD8",NA,NA,NA,NA,"TRBV4-1",NA,"TRBJ1-2","No","TGCGCCAGCAGCCAAGCGGGATCTAACTATGGCTACACCTTC",NA,28636589,NA
4,"VTEHDTLLY",0,NA,"CASSQAPRGWDEQYF","Human","Pathogens","Cytomegalovirus (CMV)","D003586",NA,"1","No","Yes","pp50","P16790","VTEHDTLLY","71290","HLA-A1","PBMC","CD8",NA,NA,NA,NA,"TRBV4-1",NA,"TRBJ2-7","No","TGCGCCAGCAGCCAAGCCCCTAGGGGTTGGGACGAGCAGTACTTC",NA,28636589,NA
4,"VTEHDTLLY",0,NA,"CASSQDAQGGGSYNEQFF","Human","Pathogens","Cytomegalovirus (CMV)","D003586",NA,"1","No","Yes","pp50","P16790","VTEHDTLLY","71290","HLA-A1","PBMC","CD8",NA,NA,NA,NA,"TRBV4-1",NA,"TRBJ2-1","No","TGCGCCAGCAGCCAAGACGCGCAGGGGGGGGGCTCCTACAATGAGCAGTTCTTC",NA,28636589,NA
4,"VTEHDTLLY",0,NA,"CASSQDFLQTFNQPQHF","Human","Pathogens","Cytomegalovirus (CMV)","D003586",NA,"1","No","Yes","pp50","P16790","VTEHDTLLY","71290","HLA-A1","PBMC","CD8",NA,NA,NA,NA,"TRBV4-1",NA,"TRBJ1-5","No","TGCGCCAGCAGCCAAGATTTTTTGCAGACGTTCAATCAGCCCCAGCATTTT",NA,28636589,NA
4,"VTEHDTLLY",0,NA,"CASSQDIGVSYEQYF","Human","Pathogens","Cytomegalovirus (CMV)","D003586",NA,"1","No","Yes","pp50","P16790","VTEHDTLLY","71290","HLA-A1","PBMC","CD8",NA,NA,NA,NA,"TRBV4-1",NA,"TRBJ2-7","No","TGCGCCAGCAGCCAAGACATTGGCGTCTCCTACGAGCAGTACTTC",NA,28636589,NA
4,"VTEHDTLLY",0,NA,"CASSQDRNSGYGYTF","Human","Pathogens","Cytomegalovirus (CMV)","D003586",NA,"1","No","Yes","pp50","P16790","VTEHDTLLY","71290","HLA-A1","PBMC","CD8",NA,NA,NA,NA,"TRBV4-1",NA,"TRBJ1-2","No","TGCGCCAGCAGCCAAGATCGGAACAGCGGCTATGGCTACACCTTC",NA,28636589,NA
4,"VTEHDTLLY",0,NA,"CASSQDRRRAWNEQFF","Human","Pathogens","Cytomegalovirus (CMV)","D003586",NA,"1","No","Yes","pp50","P16790","VTEHDTLLY","71290","HLA-A1","PBMC","CD8",NA,NA,NA,NA,"TRBV4-1",NA,"TRBJ2-1","No","TGCGCCAGCAGCCAAGATCGACGACGAGCGTGGAATGAGCAGTTCTTC",NA,28636589,NA
4,"VTEHDTLLY",0,NA,"CASSQDTKGANTEAFF","Human","Pathogens","Cytomegalovirus (CMV)","D003586",NA,"1","No","Yes","pp50","P16790","VTEHDTLLY","71290","HLA-A1","PBMC","CD8",NA,NA,NA,NA,"TRBV4-1",NA,"TRBJ1-1","No","TGCGCCAGCAGCCAAGATACGAAGGGGGCGAACACTGAAGCTTTCTTT",NA,28636589,NA
4,"VTEHDTLLY",0,NA,"CASSQERSMNTEAFF","Human","Pathogens","Cytomegalovirus (CMV)","D003586",NA,"1","No","Yes","pp50","P16790","VTEHDTLLY","71290","HLA-A1","PBMC","CD8",NA,NA,NA,NA,"TRBV4-1",NA,"TRBJ1-1","No","TGCGCCAGCAGCCAAGAGCGCAGCATGAACACTGAAGCTTTCTTT",NA,28636589,NA
4,"VTEHDTLLY",0,NA,"CASSQESGGGYEQFF","Human","Pathogens","Cytomegalovirus (CMV)","D003586",NA,"1","No","Yes","pp50","P16790","VTEHDTLLY","71290","HLA-A1","PBMC","CD8",NA,NA,NA,NA,"TRBV4-1",NA,"TRBJ2-1","No","TGCGCCAGCAGCCAAGAGTCAGGCGGCGGCTATGAGCAGTTCTTC",NA,28636589,NA
4,"VTEHDTLLY",0,NA,"CASSQETIAKNIQYF","Human","Pathogens","Cytomegalovirus (CMV)","D003586",NA,"1","No","Yes","pp50","P16790","VTEHDTLLY","71290","HLA-A1","PBMC","CD8",NA,NA,NA,NA,"TRBV4-1",NA,"TRBJ2-4","No","TGCGCCAGCAGCCAAGAGACTATAGCCAAAAACATTCAGTACTTC",NA,28636589,NA
4,"VTEHDTLLY",0,NA,"CASSQGPGQGANYGYTF","Human","Pathogens","Cytomegalovirus (CMV)","D003586",NA,"1","No","Yes","pp50","P16790","VTEHDTLLY","71290","HLA-A1","PBMC","CD8",NA,NA,NA,NA,"TRBV4-1",NA,"TRBJ1-2","No","TGCGCCAGCAGCCAAGGTCCGGGACAGGGAGCTAACTATGGCTACACCTTC",NA,28636589,NA
4,"VTEHDTLLY",0,NA,"CASSQGQVGDGYTF","Human","Pathogens","Cytomegalovirus (CMV)","D003586",NA,"1","No","Yes","pp50","P16790","VTEHDTLLY","71290","HLA-A1","PBMC","CD8",NA,NA,NA,NA,"TRBV4-1",NA,"TRBJ1-2","No","TGCGCCAGCAGCCAAGGGCAAGTCGGGGACGGCTACACCTTC",NA,28636589,NA
4,"VTEHDTLLY",0,NA,"CASSQGRGDTEAFF","Human","Pathogens","Cytomegalovirus (CMV)","D003586",NA,"1","No","Yes","pp50","P16790","VTEHDTLLY","71290","HLA-A1","PBMC","CD8",NA,NA,NA,NA,"TRBV4-1",NA,"TRBJ1-1","No","TGCGCCAGCAGCCAGGGCAGGGGGGACACTGAAGCTTTCTTT",NA,28636589,NA
4,"VTEHDTLLY",0,NA,"CASSQGTGGDEQYF","Human","Pathogens","Cytomegalovirus (CMV)","D003586",NA,"1","No","Yes","pp50","P16790","VTEHDTLLY","71290","HLA-A1","PBMC","CD8",NA,NA,NA,NA,"TRBV4-1",NA,"TRBJ2-1","No","TGCGCCAGCAGCCAAGGGACAGGGGGCGACGAGCAGTACTTC",NA,28636589,NA
4,"VTEHDTLLY",0,NA,"CASSQLAGVVTQYF","Human","Pathogens","Cytomegalovirus (CMV)","D003586",NA,"1","No","Yes","pp50","P16790","VTEHDTLLY","71290","HLA-A1","PBMC","CD8",NA,NA,NA,NA,"TRBV4-1",NA,"TRBJ2-3","No","TGCGCCAGCAGCCAACTAGCGGGAGTGGTTACGCAGTATTTT",NA,28636589,NA
4,"VTEHDTLLY",0,NA,"CASSQLGQGNTGELFF","Human","Pathogens","Cytomegalovirus (CMV)","D003586",NA,"1","No","Yes","pp50","P16790","VTEHDTLLY","71290","HLA-A1","PBMC","CD8",NA,NA,NA,NA,"TRBV4-1",NA,"TRBJ2-2","No","TGCGCCAGCAGCCAATTAGGACAGGGTAACACCGGGGAGCTGTTTTTT",NA,28636589,NA
4,"VTEHDTLLY",0,NA,"CASSQLPGPEAFF","Human","Pathogens","Cytomegalovirus (CMV)","D003586",NA,"1","No","Yes","pp50","P16790","VTEHDTLLY","71290","HLA-A1","PBMC","CD8",NA,NA,NA,NA,"TRBV4-1",NA,"TRBJ1-1","No","TGCGCCAGCAGCCAACTTCCAGGGCCAGAAGCTTTCTTT",NA,28636589,NA
4,"VTEHDTLLY",0,NA,"CASSQMEQLEQYF","Human","Pathogens","Cytomegalovirus (CMV)","D003586",NA,"1","No","Yes","pp50","P16790","VTEHDTLLY","71290","HLA-A1","PBMC","CD8",NA,NA,NA,NA,"TRBV4-1",NA,"TRBJ2-7","No","TGCGCCAGCAGCCAGATGGAACAGCTGGAGCAGTACTTC",NA,28636589,NA
4,"VTEHDTLLY",0,NA,"CASSQPGLAVEQYF","Human","Pathogens","Cytomegalovirus (CMV)","D003586",NA,"1","No","Yes","pp50","P16790","VTEHDTLLY","71290","HLA-A1","PBMC","CD8",NA,NA,NA,NA,"TRBV4-1",NA,"TRBJ2-7","No","TGCGCCAGCAGCCAACCGGGACTAGCGGTCGAGCAGTACTTC",NA,28636589,NA
4,"VTEHDTLLY",0,NA,"CASSQSRSSYNEQFF","Human","Pathogens","Cytomegalovirus (CMV)","D003586",NA,"1","No","Yes","pp50","P16790","VTEHDTLLY","71290","HLA-A1","PBMC","CD8",NA,NA,NA,NA,"TRBV4-1",NA,"TRBJ2-1","No","TGCGCCAGCAGCCAGTCCCGGAGCTCCTACAATGAGCAGTTCTTC",NA,28636589,NA
4,"VTEHDTLLY",0,NA,"CASSQVQGAYEQYF","Human","Pathogens","Cytomegalovirus (CMV)","D003586",NA,"1","No","Yes","pp50","P16790","VTEHDTLLY","71290","HLA-A1","PBMC","CD8",NA,NA,NA,NA,"TRBV4-1",NA,"TRBJ2-7","No","TGCGCCAGCAGCCAAGTACAGGGTGCCTACGAGCAGTACTTC",NA,28636589,NA
4,"VTEHDTLLY",0,NA,"CASSQVQGTDTQYF","Human","Pathogens","Cytomegalovirus (CMV)","D003586",NA,"1","No","Yes","pp50","P16790","VTEHDTLLY","71290","HLA-A1","PBMC","CD8",NA,NA,NA,NA,"TRBV4-1",NA,"TRBJ2-3","No","TGCGCCAGCAGCCAAGTGCAGGGGACAGATACGCAGTATTTT",NA,28636589,NA
4,"VTEHDTLLY",0,NA,"CASSRYRQYNQPQHF","Human","Pathogens","Cytomegalovirus (CMV)","D003586",NA,"1","No","Yes","pp50","P16790","VTEHDTLLY","71290","HLA-A1","PBMC","CD8",NA,NA,NA,NA,"TRBV4-1",NA,"TRBJ1-5","No","TGTGCCAGCAGCCGTTATAGACAGTACAATCAGCCCCAGCATTTT",NA,28636589,NA
4,"VTEHDTLLY",0,NA,"CASSSLERGWETQYF","Human","Pathogens","Cytomegalovirus (CMV)","D003586",NA,"1","No","Yes","pp50","P16790","VTEHDTLLY","71290","HLA-A1","PBMC","CD8",NA,NA,NA,NA,"TRBV4-1",NA,"TRBJ2-5","No","TGCGCCAGCAGCTCATTGGAGCGGGGTTGGGAGACCCAGTACTTC",NA,28636589,NA
4,"VTEHDTLLY",0,NA,"CASSSLGTRSPLHF","Human","Pathogens","Cytomegalovirus (CMV)","D003586",NA,"1","No","Yes","pp50","P16790","VTEHDTLLY","71290","HLA-A1","PBMC","CD8",NA,NA,NA,NA,"TRBV4-1",NA,"TRBJ1-6","No","TGCGCCAGCTCCTCACTGGGGACCCGATCACCCCTCCACTTT",NA,28636589,NA
4,"VTEHDTLLY",0,NA,"CAPRGGTNTGELFF","Human","Pathogens","Cytomegalovirus (CMV)","D003586",NA,"1","No","Yes","pp50","P16790","VTEHDTLLY","71290","HLA-A1","PBMC","CD8",NA,NA,NA,NA,"TRBV4-2",NA,"TRBJ2-2","No","TGTGCCCCGAGGGGCGGGACGAACACCGGGGAGCTGTTTTTT",NA,28636589,NA
4,"VTEHDTLLY",0,NA,"CASSPDTGELFF","Human","Pathogens","Cytomegalovirus (CMV)","D003586",NA,"1","No","Yes","pp50","P16790","VTEHDTLLY","71290","HLA-A1","PBMC","CD8",NA,NA,NA,NA,"TRBV4-2",NA,"TRBJ2-2","No","TGTGCCAGCAGTCCCGACACCGGGGAGCTGTTTTTT",NA,28636589,NA
4,"VTEHDTLLY",0,NA,"CASSPRTGLNTEAFF","Human","Pathogens","Cytomegalovirus (CMV)","D003586",NA,"1","No","Yes","pp50","P16790","VTEHDTLLY","71290","HLA-A1","PBMC","CD8",NA,NA,NA,NA,"TRBV4-2",NA,"TRBJ1-1","No","TGTGCCAGCAGCCCTCGCACAGGGTTGAACACTGAAGCTTTCTTT",NA,28636589,NA
4,"VTEHDTLLY",0,NA,"CASSQDGTGIGGKLFF","Human","Pathogens","Cytomegalovirus (CMV)","D003586",NA,"1","No","Yes","pp50","P16790","VTEHDTLLY","71290","HLA-A1","PBMC","CD8",NA,NA,NA,NA,"TRBV4-2",NA,"TRBJ1-4","No","TGTGCCAGCAGCCAAGACGGGACAGGGATCGGGGGAAAACTGTTTTTT",NA,28636589,NA
4,"VTEHDTLLY",0,NA,"CASSQGGSDTQYF","Human","Pathogens","Cytomegalovirus (CMV)","D003586",NA,"1","No","Yes","pp50","P16790","VTEHDTLLY","71290","HLA-A1","PBMC","CD8",NA,NA,NA,NA,"TRBV4-2",NA,"TRBJ2-3","No","TGTGCCAGCAGCCAAGGAGGATCGGATACGCAGTATTTT",NA,28636589,NA
4,"VTEHDTLLY",0,NA,"CASSQGTATNSPLHF","Human","Pathogens","Cytomegalovirus (CMV)","D003586",NA,"1","No","Yes","pp50","P16790","VTEHDTLLY","71290","HLA-A1","PBMC","CD8",NA,NA,NA,NA,"TRBV4-2",NA,"TRBJ1-6","No","TGTGCCAGCAGCCAGGGGACGGCGACGAATTCACCCCTCCACTTT",NA,28636589,NA
4,"VTEHDTLLY",0,NA,"CASSQGTGGDEQYF","Human","Pathogens","Cytomegalovirus (CMV)","D003586",NA,"1","No","Yes","pp50","P16790","VTEHDTLLY","71290","HLA-A1","PBMC","CD8",NA,NA,NA,NA,"TRBV4-2",NA,"TRBJ2-7","No","TGTGCCAGCAGCCAAGGGACAGGGGGCGACGAGCAGTACTTC",NA,28636589,NA
4,"VTEHDTLLY",0,NA,"CASRLTNGADTQYF","Human","Pathogens","Cytomegalovirus (CMV)","D003586",NA,"1","No","Yes","pp50","P16790","VTEHDTLLY","71290","HLA-A1","PBMC","CD8",NA,NA,NA,NA,"TRBV4-3",NA,"TRBJ2-3","No","TGCGCCAGCAGGCTAACCAATGGGGCAGATACGCAGTATTTT",NA,28636589,NA
4,"VTEHDTLLY",0,NA,"CASSLHETGMNTEAFF","Human","Pathogens","Cytomegalovirus (CMV)","D003586",NA,"1","No","Yes","pp50","P16790","VTEHDTLLY","71290","HLA-A1","PBMC","CD8",NA,NA,NA,NA,"TRBV4-3",NA,"TRBJ1-1","No","TGCGCCAGCAGCCTACATGAGACAGGTATGAACACTGAAGCTTTCTTT",NA,28636589,NA
4,"VTEHDTLLY",0,NA,"CASSPGSTDTQYF","Human","Pathogens","Cytomegalovirus (CMV)","D003586",NA,"1","No","Yes","pp50","P16790","VTEHDTLLY","71290","HLA-A1","PBMC","CD8",NA,NA,NA,NA,"TRBV4-3",NA,"TRBJ2-3","No","TGCGCCAGCAGCCCAGGCTCCACAGATACGCAGTATTTT",NA,28636589,NA
4,"VTEHDTLLY",0,NA,"CASSQDGRAQGGEAFF","Human","Pathogens","Cytomegalovirus (CMV)","D003586",NA,"1","No","Yes","pp50","P16790","VTEHDTLLY","71290","HLA-A1","PBMC","CD8",NA,NA,NA,NA,"TRBV4-3",NA,"TRBJ1-1","No","TGCGCCAGCAGCCAAGATGGGAGGGCGCAGGGGGGTGAAGCTTTCTTT",NA,28636589,NA
4,"VTEHDTLLY",0,NA,"CASSQDKTRSRGSYNEQFF","Human","Pathogens","Cytomegalovirus (CMV)","D003586",NA,"1","No","Yes","pp50","P16790","VTEHDTLLY","71290","HLA-A1","PBMC","CD8",NA,NA,NA,NA,"TRBV4-3",NA,"TRBJ2-1","No","TGCGCCAGCAGCCAAGACAAAACCCGTTCGAGGGGCTCCTACAATGAGCAGTTCTTC",NA,28636589,NA
4,"VTEHDTLLY",0,NA,"CASSQDRAGLYEQYF","Human","Pathogens","Cytomegalovirus (CMV)","D003586",NA,"1","No","Yes","pp50","P16790","VTEHDTLLY","71290","HLA-A1","PBMC","CD8",NA,NA,NA,NA,"TRBV4-3",NA,"TRBJ2-7","No","TGCGCCAGCAGCCAAGATCGGGCAGGGCTGTACGAGCAGTACTTC",NA,28636589,NA
4,"VTEHDTLLY",0,NA,"CASSQDRQGWNEQYF","Human","Pathogens","Cytomegalovirus (CMV)","D003586",NA,"1","No","Yes","pp50","P16790","VTEHDTLLY","71290","HLA-A1","PBMC","CD8",NA,NA,NA,NA,"TRBV4-3",NA,"TRBJ2-7","No","TGCGCCAGCAGCCAAGACAGACAGGGATGGAACGAGCAGTACTTC",NA,28636589,NA
4,"VTEHDTLLY",0,NA,"CASSQDRRGGNYEQYF","Human","Pathogens","Cytomegalovirus (CMV)","D003586",NA,"1","No","Yes","pp50","P16790","VTEHDTLLY","71290","HLA-A1","PBMC","CD8",NA,NA,NA,NA,"TRBV4-3",NA,"TRBJ2-7","No","TGCGCCAGCAGCCAAGACCGCAGGGGCGGGAACTACGAGCAGTACTTC",NA,28636589,NA
4,"VTEHDTLLY",0,NA,"CASSQDRSLEQYF","Human","Pathogens","Cytomegalovirus (CMV)","D003586",NA,"1","No","Yes","pp50","P16790","VTEHDTLLY","71290","HLA-A1","PBMC","CD8",NA,NA,NA,NA,"TRBV4-3",NA,"TRBJ2-7","No","TGCGCCAGCAGCCAAGATCGATCCCTCGAGCAGTACTTC",NA,28636589,NA
4,"VTEHDTLLY",0,NA,"CASSQDRTGGGGYTF","Human","Pathogens","Cytomegalovirus (CMV)","D003586",NA,"1","No","Yes","pp50","P16790","VTEHDTLLY","71290","HLA-A1","PBMC","CD8",NA,NA,NA,NA,"TRBV4-3",NA,"TRBJ1-2","No","TGCGCCAGCAGCCAAGATCGGACAGGGGGTGGTGGCTACACCTTC",NA,28636589,NA
4,"VTEHDTLLY",0,NA,"CASSQDTGAGSYNEQFF","Human","Pathogens","Cytomegalovirus (CMV)","D003586",NA,"1","No","Yes","pp50","P16790","VTEHDTLLY","71290","HLA-A1","PBMC","CD8",NA,NA,NA,NA,"TRBV4-3",NA,"TRBJ2-1","No","TGCGCCAGCAGCCAAGATACAGGCGCAGGGTCCTACAATGAGCAGTTCTTC",NA,28636589,NA
4,"VTEHDTLLY",0,NA,"CASSQDTGLGVGAYEQYF","Human","Pathogens","Cytomegalovirus (CMV)","D003586",NA,"1","No","Yes","pp50","P16790","VTEHDTLLY","71290","HLA-A1","PBMC","CD8",NA,NA,NA,NA,"TRBV4-3",NA,"TRBJ2-7","No","TGCGCCAGCAGCCAAGATACGGGCCTGGGGGTGGGGGCCTACGAGCAGTACTTC",NA,28636589,NA
4,"VTEHDTLLY",0,NA,"CASSQDTGQGVEQYF","Human","Pathogens","Cytomegalovirus (CMV)","D003586",NA,"1","No","Yes","pp50","P16790","VTEHDTLLY","71290","HLA-A1","PBMC","CD8",NA,NA,NA,NA,"TRBV4-3",NA,"TRBJ2-7","No","TGCGCCAGCAGCCAAGATACGGGACAGGGGGTCGAGCAGTACTTC",NA,28636589,NA
4,"VTEHDTLLY",0,NA,"CASSQERGGKWAYEQYF","Human","Pathogens","Cytomegalovirus (CMV)","D003586",NA,"1","No","Yes","pp50","P16790","VTEHDTLLY","71290","HLA-A1","PBMC","CD8",NA,NA,NA,NA,"TRBV4-3",NA,"TRBJ2-7","No","TGCGCCAGCAGCCAAGAGCGCGGGGGCAAATGGGCCTACGAGCAGTACTTC",NA,28636589,NA
4,"VTEHDTLLY",0,NA,"CASSQGRGRNTEAFF","Human","Pathogens","Cytomegalovirus (CMV)","D003586",NA,"1","No","Yes","pp50","P16790","VTEHDTLLY","71290","HLA-A1","PBMC","CD8",NA,NA,NA,NA,"TRBV4-3",NA,"TRBJ1-1","No","TGCGCCAGCAGCCAAGGGAGGGGGCGAAACACTGAAGCTTTCTTT",NA,28636589,NA
4,"VTEHDTLLY",0,NA,"CASSQGSAPSYEQYF","Human","Pathogens","Cytomegalovirus (CMV)","D003586",NA,"1","No","Yes","pp50","P16790","VTEHDTLLY","71290","HLA-A1","PBMC","CD8",NA,NA,NA,NA,"TRBV4-3",NA,"TRBJ2-7","No","TGCGCCAGCAGCCAAGGGAGCGCACCCTCCTACGAGCAGTACTTC",NA,28636589,NA
4,"VTEHDTLLY",0,NA,"CASSQGTGNTEAFF","Human","Pathogens","Cytomegalovirus (CMV)","D003586",NA,"1","No","Yes","pp50","P16790","VTEHDTLLY","71290","HLA-A1","PBMC","CD8",NA,NA,NA,NA,"TRBV4-3",NA,"TRBJ1-1","No","TGCGCCAGCAGCCAAGGGACAGGGAACACTGAAGCTTTCTTT",NA,28636589,NA
4,"VTEHDTLLY",0,NA,"CASSQGTVDEQFF","Human","Pathogens","Cytomegalovirus (CMV)","D003586",NA,"1","No","Yes","pp50","P16790","VTEHDTLLY","71290","HLA-A1","PBMC","CD8",NA,NA,NA,NA,"TRBV4-3",NA,"TRBJ2-1","No","TGCGCCAGCAGCCAAGGGACGGTGGATGAGCAGTTCTTC",NA,28636589,NA
4,"VTEHDTLLY",0,NA,"CASSQVGTGSINEQFF","Human","Pathogens","Cytomegalovirus (CMV)","D003586",NA,"1","No","Yes","pp50","P16790","VTEHDTLLY","71290","HLA-A1","PBMC","CD8",NA,NA,NA,NA,"TRBV4-3",NA,"TRBJ2-1","No","TGCGCCAGCAGCCAAGTTGGGACAGGGTCAATCAATGAGCAGTTCTTC",NA,28636589,NA
4,"VTEHDTLLY",0,NA,"CASSRTLNTEAFF","Human","Pathogens","Cytomegalovirus (CMV)","D003586",NA,"1","No","Yes","pp50","P16790","VTEHDTLLY","71290","HLA-A1","PBMC","CD8",NA,NA,NA,NA,"TRBV4-3",NA,"TRBJ1-1","No","TGCGCCAGCAGCCGGACACTGAACACTGAAGCTTTCTTT",NA,28636589,NA
4,"VTEHDTLLY",0,NA,"CASSRYTGTSGNNEQFF","Human","Pathogens","Cytomegalovirus (CMV)","D003586",NA,"1","No","Yes","pp50","P16790","VTEHDTLLY","71290","HLA-A1","PBMC","CD8",NA,NA,NA,NA,"TRBV4-3",NA,"TRBJ2-1","No","TGCGCCAGCAGCCGGTATACAGGGACTAGCGGGAACAATGAGCAGTTCTTC",NA,28636589,NA
4,"VTEHDTLLY",0,NA,"CASSVGQGKTYEQYF","Human","Pathogens","Cytomegalovirus (CMV)","D003586",NA,"1","No","Yes","pp50","P16790","VTEHDTLLY","71290","HLA-A1","PBMC","CD8",NA,NA,NA,NA,"TRBV4-3",NA,"TRBJ2-7","No","TGCGCCAGCAGCGTCGGGCAGGGGAAAACCTACGAGCAGTACTTC",NA,28636589,NA
4,"VTEHDTLLY",0,NA,"CATSVTVLDTGELFF","Human","Pathogens","Cytomegalovirus (CMV)","D003586",NA,"1","No","Yes","pp50","P16790","VTEHDTLLY","71290","HLA-A1","PBMC","CD8",NA,NA,NA,NA,"TRBV4-3",NA,"TRBJ2-2","No","TGCGCCACCTCAGTTACGGTCCTTGACACCGGGGAGCTGTTTTTT",NA,28636589,NA
4,"VTEHDTLLY",0,NA,"CASSWTGPSYEQYF","Human","Pathogens","Cytomegalovirus (CMV)","D003586",NA,"1","No","Yes","pp50","P16790","VTEHDTLLY","71290","HLA-A1","PBMC","CD8",NA,NA,NA,NA,"TRBV5-1",NA,"TRBJ2-7","No","TGCGCCAGCAGCTGGACGGGACCGAGTTACGAGCAGTACTTC",NA,28636589,NA
4,"VTEHDTLLY",0,NA,"CASSVRGQGNYGYTF","Human","Pathogens","Cytomegalovirus (CMV)","D003586",NA,"1","No","Yes","pp50","P16790","VTEHDTLLY","71290","HLA-A1","PBMC","CD8",NA,NA,NA,NA,"TRBV5-4",NA,"TRBJ1-2","No","TGTGCCAGCAGCGTCCGGGGACAGGGAAACTATGGCTACACCTTC",NA,28636589,NA
4,"VTEHDTLLY",0,NA,"CASSDLRAGELFF","Human","Pathogens","Cytomegalovirus (CMV)","D003586",NA,"1","No","Yes","pp50","P16790","VTEHDTLLY","71290","HLA-A1","PBMC","CD8",NA,NA,NA,NA,"TRBV6-1",NA,"TRBJ2-2","No","TGTGCCAGCAGTGATCTCAGAGCCGGGGAGCTGTTTTTT",NA,28636589,NA
4,"VTEHDTLLY",0,NA,"CASSEAHAVYEQYF","Human","Pathogens","Cytomegalovirus (CMV)","D003586",NA,"1","No","Yes","pp50","P16790","VTEHDTLLY","71290","HLA-A1","PBMC","CD8",NA,NA,NA,NA,"TRBV6-1",NA,"TRBJ2-7","No","TGTGCCAGCAGTGAAGCGCATGCAGTCTACGAGCAGTACTTC",NA,28636589,NA
4,"VTEHDTLLY",0,NA,"CASSSGRTAFYEQYF","Human","Pathogens","Cytomegalovirus (CMV)","D003586",NA,"1","No","Yes","pp50","P16790","VTEHDTLLY","71290","HLA-A1","PBMC","CD8",NA,NA,NA,NA,"TRBV6-1",NA,"TRBJ2-7","No","TGTGCCAGCAGTTCGGGACGGACAGCCTTCTACGAGCAGTACTTC",NA,28636589,NA
4,"VTEHDTLLY",0,NA,"CASRDRLVSYEQYF","Human","Pathogens","Cytomegalovirus (CMV)","D003586",NA,"1","No","Yes","pp50","P16790","VTEHDTLLY","71290","HLA-A1","PBMC","CD8",NA,NA,NA,NA,"TRBV6-2",NA,"TRBJ2-7","No","TGTGCCAGCAGAGACCGACTGGTCTCCTACGAGCAGTACTTC",NA,28636589,NA
4,"VTEHDTLLY",0,NA,"CASSGTSLGGELFF","Human","Pathogens","Cytomegalovirus (CMV)","D003586",NA,"1","No","Yes","pp50","P16790","VTEHDTLLY","71290","HLA-A1","PBMC","CD8",NA,NA,NA,NA,"TRBV6-5",NA,"TRBJ2-2","No","TGTGCCAGCAGCGGGACTAGCTTGGGCGGGGAGCTGTTTTTT",NA,28636589,NA
4,"VTEHDTLLY",0,NA,"CASSLAPGQGILNEQFF","Human","Pathogens","Cytomegalovirus (CMV)","D003586",NA,"1","No","Yes","pp50","P16790","VTEHDTLLY","71290","HLA-A1","PBMC","CD8",NA,NA,NA,NA,"TRBV6-5",NA,"TRBJ2-1","No","TGTGCCAGCAGTCTGGCCCCGGGACAGGGAATCCTCAATGAGCAGTTCTTC",NA,28636589,NA
4,"VTEHDTLLY",0,NA,"CASSRGEGGNEQFF","Human","Pathogens","Cytomegalovirus (CMV)","D003586",NA,"1","No","Yes","pp50","P16790","VTEHDTLLY","71290","HLA-A1","PBMC","CD8",NA,NA,NA,NA,"TRBV6-5",NA,"TRBJ2-1","No","TGTGCCAGCAGCAGGGGGGAGGGAGGGAATGAGCAGTTCTTC",NA,28636589,NA
4,"VTEHDTLLY",0,NA,"CASSSQEGIEAFF","Human","Pathogens","Cytomegalovirus (CMV)","D003586",NA,"1","No","Yes","pp50","P16790","VTEHDTLLY","71290","HLA-A1","PBMC","CD8",NA,NA,NA,NA,"TRBV6-5",NA,"TRBJ1-1","No","TGTGCCAGCAGTTCGCAGGAGGGCATTGAAGCTTTCTTT",NA,28636589,NA
4,"VTEHDTLLY",0,NA,"CASSYGGGGYEQFF","Human","Pathogens","Cytomegalovirus (CMV)","D003586",NA,"1","No","Yes","pp50","P16790","VTEHDTLLY","71290","HLA-A1","PBMC","CD8",NA,NA,NA,NA,"TRBV6-5",NA,"TRBJ2-1","No","TGTGCCAGCAGTTACGGCGGAGGGGGGTATGAGCAGTTCTTC",NA,28636589,NA
4,"VTEHDTLLY",0,NA,"CASSYGGPLADTQYF","Human","Pathogens","Cytomegalovirus (CMV)","D003586",NA,"1","No","Yes","pp50","P16790","VTEHDTLLY","71290","HLA-A1","PBMC","CD8",NA,NA,NA,NA,"TRBV6-5",NA,"TRBJ2-3","No","TGTGCCAGCAGTTACGGGGGGCCCCTGGCAGATACGCAGTATTTT",NA,28636589,NA
4,"VTEHDTLLY",0,NA,"CASSYLAGEGYEQYF","Human","Pathogens","Cytomegalovirus (CMV)","D003586",NA,"1","No","Yes","pp50","P16790","VTEHDTLLY","71290","HLA-A1","PBMC","CD8",NA,NA,NA,NA,"TRBV6-5",NA,"TRBJ2-7","No","TGTGCCAGCAGTTACCTAGCGGGAGAGGGGTACGAGCAGTACTTC",NA,28636589,NA
4,"VTEHDTLLY",0,NA,"CASSYYSSNYGYTF","Human","Pathogens","Cytomegalovirus (CMV)","D003586",NA,"1","No","Yes","pp50","P16790","VTEHDTLLY","71290","HLA-A1","PBMC","CD8",NA,NA,NA,NA,"TRBV6-5",NA,"TRBJ1-2","No","TGTGCCAGCAGTTACTACTCTTCTAACTATGGCTACACCTTC",NA,28636589,NA
4,"VTEHDTLLY",0,NA,"CASTQEPGELFF","Human","Pathogens","Cytomegalovirus (CMV)","D003586",NA,"1","No","Yes","pp50","P16790","VTEHDTLLY","71290","HLA-A1","PBMC","CD8",NA,NA,NA,NA,"TRBV6-5",NA,"TRBJ2-2","No","TGTGCCAGCACTCAGGAGCCCGGGGAGCTGTTTTTT",NA,28636589,NA
4,"VTEHDTLLY",0,NA,"CASSEMAGGSTDTQYF","Human","Pathogens","Cytomegalovirus (CMV)","D003586",NA,"1","No","Yes","pp50","P16790","VTEHDTLLY","71290","HLA-A1","PBMC","CD8",NA,NA,NA,NA,"TRBV6-6",NA,"TRBJ2-3","No","TGTGCCAGCAGTGAAATGGCGGGAGGAAGCACAGATACGCAGTATTTT",NA,28636589,NA
4,"VTEHDTLLY",0,NA,"CASSPTGGGTGELFF","Human","Pathogens","Cytomegalovirus (CMV)","D003586",NA,"1","No","Yes","pp50","P16790","VTEHDTLLY","71290","HLA-A1","PBMC","CD8",NA,NA,NA,NA,"TRBV6-6",NA,"TRBJ2-2","No","TGTGCCAGCAGTCCCACGGGGGGAGGCACCGGGGAGCTGTTTTTT",NA,28636589,NA
4,"VTEHDTLLY",0,NA,"CASSLAPDRVEGQPQHF","Human","Pathogens","Cytomegalovirus (CMV)","D003586",NA,"1","No","Yes","pp50","P16790","VTEHDTLLY","71290","HLA-A1","PBMC","CD8",NA,NA,NA,NA,"TRBV7-2",NA,"TRBJ1-5","No","TGTGCCAGCAGCTTAGCACCTGATAGGGTGGAAGGTCAGCCCCAGCATTTT",NA,28636589,NA
4,"VTEHDTLLY",0,NA,"CASSLEGLAAQETQYF","Human","Pathogens","Cytomegalovirus (CMV)","D003586",NA,"1","No","Yes","pp50","P16790","VTEHDTLLY","71290","HLA-A1","PBMC","CD8",NA,NA,NA,NA,"TRBV7-2",NA,"TRBJ2-5","No","TGTGCCAGCAGCTTAGAGGGACTAGCGGCACAAGAGACCCAGTACTTC",NA,28636589,NA
4,"VTEHDTLLY",0,NA,"CASSLRRLAGQYEQFF","Human","Pathogens","Cytomegalovirus (CMV)","D003586",NA,"1","No","Yes","pp50","P16790","VTEHDTLLY","71290","HLA-A1","PBMC","CD8",NA,NA,NA,NA,"TRBV7-2",NA,"TRBJ2-1","No","TGTGCCAGCAGTCTTAGACGGCTAGCGGGACAGTATGAGCAGTTCTTC",NA,28636589,NA
4,"VTEHDTLLY",0,NA,"CASSLTDTQYF","Human","Pathogens","Cytomegalovirus (CMV)","D003586",NA,"1","No","Yes","pp50","P16790","VTEHDTLLY","71290","HLA-A1","PBMC","CD8",NA,NA,NA,NA,"TRBV7-2",NA,"TRBJ2-3","No","TGTGCCAGCAGCTTAACAGATACGCAGTATTTT",NA,28636589,NA
4,"VTEHDTLLY",0,NA,"CASSPGAVYEQYF","Human","Pathogens","Cytomegalovirus (CMV)","D003586",NA,"1","No","Yes","pp50","P16790","VTEHDTLLY","71290","HLA-A1","PBMC","CD8",NA,NA,NA,NA,"TRBV7-2",NA,"TRBJ2-7","No","TGTGCCAGCAGCCCTGGAGCCGTTTACGAGCAGTACTTC",NA,28636589,NA
4,"VTEHDTLLY",0,NA,"CASSPMSGSNEQFF","Human","Pathogens","Cytomegalovirus (CMV)","D003586",NA,"1","No","Yes","pp50","P16790","VTEHDTLLY","71290","HLA-A1","PBMC","CD8",NA,NA,NA,NA,"TRBV7-2",NA,"TRBJ2-1","No","TGTGCCAGCAGCCCTATGAGCGGGAGTAATGAGCAGTTCTTC",NA,28636589,NA
4,"VTEHDTLLY",0,NA,"CASSSTDSLWEKLFF","Human","Pathogens","Cytomegalovirus (CMV)","D003586",NA,"1","No","Yes","pp50","P16790","VTEHDTLLY","71290","HLA-A1","PBMC","CD8",NA,NA,NA,NA,"TRBV7-2",NA,"TRBJ1-4","No","TGTGCCAGCAGCTCGACGGACAGTCTCTGGGAAAAACTGTTTTTT",NA,28636589,NA
4,"VTEHDTLLY",0,NA,"CASTHAGRPYEQYF","Human","Pathogens","Cytomegalovirus (CMV)","D003586",NA,"1","No","Yes","pp50","P16790","VTEHDTLLY","71290","HLA-A1","PBMC","CD8",NA,NA,NA,NA,"TRBV7-2",NA,"TRBJ2-7","No","TGTGCCAGCACACACGCCGGGAGACCCTACGAGCAGTACTTC",NA,28636589,NA
4,"VTEHDTLLY",0,NA,"CASSAAGALGYTF","Human","Pathogens","Cytomegalovirus (CMV)","D003586",NA,"1","No","Yes","pp50","P16790","VTEHDTLLY","71290","HLA-A1","PBMC","CD8",NA,NA,NA,NA,"TRBV7-3",NA,"TRBJ1-2","No","TGTGCCAGCAGCGCCGCGGGGGCGCTTGGCTACACCTTC",NA,28636589,NA
4,"VTEHDTLLY",0,NA,"CASSDDRRAFF","Human","Pathogens","Cytomegalovirus (CMV)","D003586",NA,"1","No","Yes","pp50","P16790","VTEHDTLLY","71290","HLA-A1","PBMC","CD8",NA,NA,NA,NA,"TRBV7-3",NA,"TRBJ1-1","No","TGTGCCAGCAGCGACGACAGGCGAGCTTTCTTT",NA,28636589,NA
4,"VTEHDTLLY",0,NA,"CASSFPRVNTGELFF","Human","Pathogens","Cytomegalovirus (CMV)","D003586",NA,"1","No","Yes","pp50","P16790","VTEHDTLLY","71290","HLA-A1","PBMC","CD8",NA,NA,NA,NA,"TRBV7-3",NA,"TRBJ2-2","No","TGTGCCAGCAGCTTTCCTAGGGTGAACACCGGGGAGCTGTTTTTT",NA,28636589,NA
4,"VTEHDTLLY",0,NA,"CASSLAGAGNEQFF","Human","Pathogens","Cytomegalovirus (CMV)","D003586",NA,"1","No","Yes","pp50","P16790","VTEHDTLLY","71290","HLA-A1","PBMC","CD8",NA,NA,NA,NA,"TRBV7-3",NA,"TRBJ2-1","No","TGTGCCAGCAGCTTAGCGGGAGCTGGCAATGAGCAGTTCTTC",NA,28636589,NA
4,"VTEHDTLLY",0,NA,"CASSLEAGGQPQHF","Human","Pathogens","Cytomegalovirus (CMV)","D003586",NA,"1","No","Yes","pp50","P16790","VTEHDTLLY","71290","HLA-A1","PBMC","CD8",NA,NA,NA,NA,"TRBV7-3",NA,"TRBJ1-5","No","TGTGCCAGCAGCTTAGAGGCAGGGGGCCAGCCCCAGCATTTT",NA,28636589,NA
4,"VTEHDTLLY",0,NA,"CASSLGQGGSYEQYF","Human","Pathogens","Cytomegalovirus (CMV)","D003586",NA,"1","No","Yes","pp50","P16790","VTEHDTLLY","71290","HLA-A1","PBMC","CD8",NA,NA,NA,NA,"TRBV7-3",NA,"TRBJ2-7","No","TGTGCCAGCAGCTTAGGTCAGGGGGGGTCCTACGAGCAGTACTTC",NA,28636589,NA
4,"VTEHDTLLY",0,NA,"CASSLGYGTEAFF","Human","Pathogens","Cytomegalovirus (CMV)","D003586",NA,"1","No","Yes","pp50","P16790","VTEHDTLLY","71290","HLA-A1","PBMC","CD8",NA,NA,NA,NA,"TRBV7-3",NA,"TRBJ1-1","No","TGTGCCAGCAGCTTGGGGTACGGCACTGAAGCTTTCTTT",NA,28636589,NA
4,"VTEHDTLLY",0,NA,"CASSLIASPADTQYF","Human","Pathogens","Cytomegalovirus (CMV)","D003586",NA,"1","No","Yes","pp50","P16790","VTEHDTLLY","71290","HLA-A1","PBMC","CD8",NA,NA,NA,NA,"TRBV7-3",NA,"TRBJ2-3","No","TGTGCCAGCAGCTTAATAGCGTCGCCGGCAGATACGCAGTATTTT",NA,28636589,NA
4,"VTEHDTLLY",0,NA,"CASSLNSLWVAGGNNEQFF","Human","Pathogens","Cytomegalovirus (CMV)","D003586",NA,"1","No","Yes","pp50","P16790","VTEHDTLLY","71290","HLA-A1","PBMC","CD8",NA,NA,NA,NA,"TRBV7-3",NA,"TRBJ2-1","No","TGTGCCAGCAGCTTAAATTCTCTGTGGGTAGCGGGAGGCAACAATGAGCAGTTCTTC",NA,28636589,NA
4,"VTEHDTLLY",0,NA,"CASSLSGLGDNEQFF","Human","Pathogens","Cytomegalovirus (CMV)","D003586",NA,"1","No","Yes","pp50","P16790","VTEHDTLLY","71290","HLA-A1","PBMC","CD8",NA,NA,NA,NA,"TRBV7-3",NA,"TRBJ2-1","No","TGTGCCAGCAGCTTATCTGGACTAGGAGACAATGAGCAGTTCTTC",NA,28636589,NA
4,"VTEHDTLLY",0,NA,"CASSLSLAGIPDTQYF","Human","Pathogens","Cytomegalovirus (CMV)","D003586",NA,"1","No","Yes","pp50","P16790","VTEHDTLLY","71290","HLA-A1","PBMC","CD8",NA,NA,NA,NA,"TRBV7-3",NA,"TRBJ2-3","No","TGTGCCAGCAGCTTATCGCTAGCGGGAATCCCAGATACGCAGTATTTT",NA,28636589,NA
4,"VTEHDTLLY",0,NA,"CASSLSLAGREQFF","Human","Pathogens","Cytomegalovirus (CMV)","D003586",NA,"1","No","Yes","pp50","P16790","VTEHDTLLY","71290","HLA-A1","PBMC","CD8",NA,NA,NA,NA,"TRBV7-3",NA,"TRBJ2-1","No","TGTGCCAGCAGCTTATCACTAGCGGGACGTGAGCAGTTCTTC",NA,28636589,NA
4,"VTEHDTLLY",0,NA,"CASSLTGLAGTGELFF","Human","Pathogens","Cytomegalovirus (CMV)","D003586",NA,"1","No","Yes","pp50","P16790","VTEHDTLLY","71290","HLA-A1","PBMC","CD8",NA,NA,NA,NA,"TRBV7-3",NA,"TRBJ2-2","No","TGTGCCAGCAGCTTGACCGGGCTAGCTGGCACCGGGGAGCTGTTTTTT",NA,28636589,NA
4,"VTEHDTLLY",0,NA,"CASSPRSGLGPYNEQFF","Human","Pathogens","Cytomegalovirus (CMV)","D003586",NA,"1","No","Yes","pp50","P16790","VTEHDTLLY","71290","HLA-A1","PBMC","CD8",NA,NA,NA,NA,"TRBV7-3",NA,"TRBJ2-1","No","TGTGCCAGCAGCCCGAGATCGGGACTAGGTCCCTACAATGAGCAGTTCTTC",NA,28636589,NA
4,"VTEHDTLLY",0,NA,"CASSPTGGNTGELFF","Human","Pathogens","Cytomegalovirus (CMV)","D003586",NA,"1","No","Yes","pp50","P16790","VTEHDTLLY","71290","HLA-A1","PBMC","CD8",NA,NA,NA,NA,"TRBV7-3",NA,"TRBJ2-2","No","TGTGCCAGCAGCCCGACAGGGGGCAACACCGGGGAGCTGTTTTTT",NA,28636589,NA
4,"VTEHDTLLY",0,NA,"CASSPTGGSSYEQYF","Human","Pathogens","Cytomegalovirus (CMV)","D003586",NA,"1","No","Yes","pp50","P16790","VTEHDTLLY","71290","HLA-A1","PBMC","CD8",NA,NA,NA,NA,"TRBV7-3",NA,"TRBJ2-7","No","TGTGCCAGCAGCCCAACAGGAGGGTCCTCCTACGAGCAGTACTTC",NA,28636589,NA
4,"VTEHDTLLY",0,NA,"CASSRRGQNTEAFF","Human","Pathogens","Cytomegalovirus (CMV)","D003586",NA,"1","No","Yes","pp50","P16790","VTEHDTLLY","71290","HLA-A1","PBMC","CD8",NA,NA,NA,NA,"TRBV7-3",NA,"TRBJ1-1","No","TGTGCCAGCAGCCGAAGGGGACAGAACACTGAAGCTTTCTTT",NA,28636589,NA
4,"VTEHDTLLY",0,NA,"CASSSSSGRTTDTQYF","Human","Pathogens","Cytomegalovirus (CMV)","D003586",NA,"1","No","Yes","pp50","P16790","VTEHDTLLY","71290","HLA-A1","PBMC","CD8",NA,NA,NA,NA,"TRBV7-3",NA,"TRBJ2-3","No","TGTGCCAGCAGCTCTTCTAGCGGGAGGACCACAGATACGCAGTATTTT",NA,28636589,NA
4,"VTEHDTLLY",0,NA,"CASSYSAGGPYEQYF","Human","Pathogens","Cytomegalovirus (CMV)","D003586",NA,"1","No","Yes","pp50","P16790","VTEHDTLLY","71290","HLA-A1","PBMC","CD8",NA,NA,NA,NA,"TRBV7-3",NA,"TRBJ2-7","No","TGTGCCAGCAGCTACTCGGCGGGAGGACCCTACGAGCAGTACTTC",NA,28636589,NA
4,"VTEHDTLLY",0,NA,"CASSLVVPQLPTYEQYF","Human","Pathogens","Cytomegalovirus (CMV)","D003586",NA,"1","No","Yes","pp50","P16790","VTEHDTLLY","71290","HLA-A1","PBMC","CD8",NA,NA,NA,NA,"TRBV7-4",NA,"TRBJ2-7","No","TGTGCCAGCAGCTTAGTGGTTCCGCAGCTTCCGACCTACGAGCAGTACTTC",NA,28636589,NA
4,"VTEHDTLLY",0,NA,"CASSFRAGYNEQFF","Human","Pathogens","Cytomegalovirus (CMV)","D003586",NA,"1","No","Yes","pp50","P16790","VTEHDTLLY","71290","HLA-A1","PBMC","CD8",NA,NA,NA,NA,"TRBV7-6",NA,"TRBJ2-1","No","TGTGCCAGCAGCTTTAGGGCGGGGTACAATGAGCAGTTCTTC",NA,28636589,NA
4,"VTEHDTLLY",0,NA,"CASSGGQGPLKELTYEQYF","Human","Pathogens","Cytomegalovirus (CMV)","D003586",NA,"1","No","Yes","pp50","P16790","VTEHDTLLY","71290","HLA-A1","PBMC","CD8",NA,NA,NA,NA,"TRBV7-6",NA,"TRBJ2-7","No","TGTGCCAGCAGCGGAGGACAGGGACCACTAAAAGAATTAACCTACGAGCAGTACTTC",NA,28636589,NA
4,"VTEHDTLLY",0,NA,"CASSLAVGDSPLHF","Human","Pathogens","Cytomegalovirus (CMV)","D003586",NA,"1","No","Yes","pp50","P16790","VTEHDTLLY","71290","HLA-A1","PBMC","CD8",NA,NA,NA,NA,"TRBV7-6",NA,"TRBJ1-6","No","TGTGCCAGCAGCTTAGCGGTAGGGGATTCACCCCTCCACTTT",NA,28636589,NA
4,"VTEHDTLLY",0,NA,"CASSLEAGDQPQHF","Human","Pathogens","Cytomegalovirus (CMV)","D003586",NA,"1","No","Yes","pp50","P16790","VTEHDTLLY","71290","HLA-A1","PBMC","CD8",NA,NA,NA,NA,"TRBV7-6",NA,"TRBJ1-5","No","TGTGCCAGCAGCTTAGAGGCAGGGGACCAGCCCCAGCATTTT",NA,28636589,NA
4,"VTEHDTLLY",0,NA,"CASSLEREDYEQYF","Human","Pathogens","Cytomegalovirus (CMV)","D003586",NA,"1","No","Yes","pp50","P16790","VTEHDTLLY","71290","HLA-A1","PBMC","CD8",NA,NA,NA,NA,"TRBV7-6",NA,"TRBJ2-7","No","TGTGCCAGCAGCTTAGAAAGGGAGGACTACGAGCAGTACTTC",NA,28636589,NA
4,"VTEHDTLLY",0,NA,"CASSPVGGSYNEQFF","Human","Pathogens","Cytomegalovirus (CMV)","D003586",NA,"1","No","Yes","pp50","P16790","VTEHDTLLY","71290","HLA-A1","PBMC","CD8",NA,NA,NA,NA,"TRBV7-6",NA,"TRBJ2-1","No","TGTGCCAGCAGCCCCGTAGGAGGGTCCTACAATGAGCAGTTCTTC",NA,28636589,NA
4,"VTEHDTLLY",0,NA,"CASSLFSSGQETQYF","Human","Pathogens","Cytomegalovirus (CMV)","D003586",NA,"1","No","Yes","pp50","P16790","VTEHDTLLY","71290","HLA-A1","PBMC","CD8",NA,NA,NA,NA,"TRBV7-7",NA,"TRBJ2-5","No","TGTGCTAGCAGCTTATTCTCTAGCGGACAAGAGACCCAGTACTTC",NA,28636589,NA
4,"VTEHDTLLY",0,NA,"CASSSNRAGELFF","Human","Pathogens","Cytomegalovirus (CMV)","D003586",NA,"1","No","Yes","pp50","P16790","VTEHDTLLY","71290","HLA-A1","PBMC","CD8",NA,NA,NA,NA,"TRBV7-7",NA,"TRBJ2-2","No","TGTGCTAGCAGCTCCAACAGGGCCGGGGAGCTGTTTTTT",NA,28636589,NA
4,"VTEHDTLLY",0,NA,"CASSAVLAGVDDEQYF","Human","Pathogens","Cytomegalovirus (CMV)","D003586",NA,"1","No","Yes","pp50","P16790","VTEHDTLLY","71290","HLA-A1","PBMC","CD8",NA,NA,NA,NA,"TRBV7-8",NA,"TRBJ2-7","No","TGTGCCAGCAGCGCGGTACTAGCGGGAGTCGACGACGAGCAGTACTTC",NA,28636589,NA
4,"VTEHDTLLY",0,NA,"CASSESLLTEQFF","Human","Pathogens","Cytomegalovirus (CMV)","D003586",NA,"1","No","Yes","pp50","P16790","VTEHDTLLY","71290","HLA-A1","PBMC","CD8",NA,NA,NA,NA,"TRBV7-8",NA,"TRBJ2-1","No","TGTGCCAGCAGCGAATCTCTACTCACGGAGCAGTTCTTC",NA,28636589,NA
4,"VTEHDTLLY",0,NA,"CASSLAGNSAEQYF","Human","Pathogens","Cytomegalovirus (CMV)","D003586",NA,"1","No","Yes","pp50","P16790","VTEHDTLLY","71290","HLA-A1","PBMC","CD8",NA,NA,NA,NA,"TRBV7-8",NA,"TRBJ2-7","No","TGTGCCAGCAGCTTAGCCGGGAATTCCGCCGAGCAGTACTTC",NA,28636589,NA
4,"VTEHDTLLY",0,NA,"CASSLAPASGRRDNEQFF","Human","Pathogens","Cytomegalovirus (CMV)","D003586",NA,"1","No","Yes","pp50","P16790","VTEHDTLLY","71290","HLA-A1","PBMC","CD8",NA,NA,NA,NA,"TRBV7-8",NA,"TRBJ2-1","No","TGTGCCAGCAGCTTAGCGCCGGCTAGCGGGAGAAGGGACAATGAGCAGTTCTTC",NA,28636589,NA
4,"VTEHDTLLY",0,NA,"CASSLAQGYEQYF","Human","Pathogens","Cytomegalovirus (CMV)","D003586",NA,"1","No","Yes","pp50","P16790","VTEHDTLLY","71290","HLA-A1","PBMC","CD8",NA,NA,NA,NA,"TRBV7-8",NA,"TRBJ2-7","No","TGTGCCAGCAGCTTAGCTCAGGGCTACGAGCAGTACTTC",NA,28636589,NA
4,"VTEHDTLLY",0,NA,"CASSLEVGLSYEQYF","Human","Pathogens","Cytomegalovirus (CMV)","D003586",NA,"1","No","Yes","pp50","P16790","VTEHDTLLY","71290","HLA-A1","PBMC","CD8",NA,NA,NA,NA,"TRBV7-8",NA,"TRBJ2-7","No","TGTGCCAGCAGCTTAGAGGTGGGTCTCTCCTACGAGCAGTACTTC",NA,28636589,NA
4,"VTEHDTLLY",0,NA,"CASSLFGDNEKLFF","Human","Pathogens","Cytomegalovirus (CMV)","D003586",NA,"1","No","Yes","pp50","P16790","VTEHDTLLY","71290","HLA-A1","PBMC","CD8",NA,NA,NA,NA,"TRBV7-8",NA,"TRBJ1-4","No","TGTGCCAGCAGCTTATTTGGAGATAATGAAAAACTGTTTTTT",NA,28636589,NA
4,"VTEHDTLLY",0,NA,"CASSLFGGNTEAFF","Human","Pathogens","Cytomegalovirus (CMV)","D003586",NA,"1","No","Yes","pp50","P16790","VTEHDTLLY","71290","HLA-A1","PBMC","CD8",NA,NA,NA,NA,"TRBV7-8",NA,"TRBJ1-1","No","TGTGCCAGCAGCTTGTTCGGGGGAAACACTGAAGCTTTCTTT",NA,28636589,NA
4,"VTEHDTLLY",0,NA,"CASSLGVAGEAFF","Human","Pathogens","Cytomegalovirus (CMV)","D003586",NA,"1","No","Yes","pp50","P16790","VTEHDTLLY","71290","HLA-A1","PBMC","CD8",NA,NA,NA,NA,"TRBV7-8",NA,"TRBJ1-1","No","TGTGCCAGCAGCTTAGGTGTAGCGGGTGAAGCTTTCTTT",NA,28636589,NA
4,"VTEHDTLLY",0,NA,"CASSLLSGTSYEQYF","Human","Pathogens","Cytomegalovirus (CMV)","D003586",NA,"1","No","Yes","pp50","P16790","VTEHDTLLY","71290","HLA-A1","PBMC","CD8",NA,NA,NA,NA,"TRBV7-8",NA,"TRBJ2-7","No","TGTGCCAGCAGCTTACTGTCCGGGACATCCTACGAGCAGTACTTC",NA,28636589,NA
4,"VTEHDTLLY",0,NA,"CASSLNPRQGRDEQYF","Human","Pathogens","Cytomegalovirus (CMV)","D003586",NA,"1","No","Yes","pp50","P16790","VTEHDTLLY","71290","HLA-A1","PBMC","CD8",NA,NA,NA,NA,"TRBV7-8",NA,"TRBJ2-7","No","TGTGCCAGCAGCTTAAACCCCCGACAGGGTAGGGACGAGCAGTACTTC",NA,28636589,NA
4,"VTEHDTLLY",0,NA,"CASSLRGAGVFETQYF","Human","Pathogens","Cytomegalovirus (CMV)","D003586",NA,"1","No","Yes","pp50","P16790","VTEHDTLLY","71290","HLA-A1","PBMC","CD8",NA,NA,NA,NA,"TRBV7-8",NA,"TRBJ2-5","No","TGTGCCAGCAGCTTAAGAGGGGCGGGAGTGTTCGAGACCCAGTACTTC",NA,28636589,NA
4,"VTEHDTLLY",0,NA,"CASSLSTSEQFF","Human","Pathogens","Cytomegalovirus (CMV)","D003586",NA,"1","No","Yes","pp50","P16790","VTEHDTLLY","71290","HLA-A1","PBMC","CD8",NA,NA,NA,NA,"TRBV7-8",NA,"TRBJ2-1","No","TGTGCCAGCAGCTTATCGACTTCTGAGCAGTTCTTC",NA,28636589,NA
4,"VTEHDTLLY",0,NA,"CASSLVDLVHGYTF","Human","Pathogens","Cytomegalovirus (CMV)","D003586",NA,"1","No","Yes","pp50","P16790","VTEHDTLLY","71290","HLA-A1","PBMC","CD8",NA,NA,NA,NA,"TRBV7-8",NA,"TRBJ1-2","No","TGTGCCAGCAGCTTAGTGGACCTGGTGCATGGCTACACCTTC",NA,28636589,NA
4,"VTEHDTLLY",0,NA,"CASSLVEQGIEQYF","Human","Pathogens","Cytomegalovirus (CMV)","D003586",NA,"1","No","Yes","pp50","P16790","VTEHDTLLY","71290","HLA-A1","PBMC","CD8",NA,NA,NA,NA,"TRBV7-8",NA,"TRBJ2-7","No","TGTGCCAGCAGCTTAGTCGAACAGGGGATCGAGCAGTACTTC",NA,28636589,NA
4,"VTEHDTLLY",0,NA,"CASSLVLGLAQGYNEQFF","Human","Pathogens","Cytomegalovirus (CMV)","D003586",NA,"1","No","Yes","pp50","P16790","VTEHDTLLY","71290","HLA-A1","PBMC","CD8",NA,NA,NA,NA,"TRBV7-8",NA,"TRBJ2-1","No","TGTGCCAGCAGCTTAGTACTGGGACTAGCGCAAGGGTACAATGAGCAGTTCTTC",NA,28636589,NA
4,"VTEHDTLLY",0,NA,"CASSLVRVRTSGYYEQYF","Human","Pathogens","Cytomegalovirus (CMV)","D003586",NA,"1","No","Yes","pp50","P16790","VTEHDTLLY","71290","HLA-A1","PBMC","CD8",NA,NA,NA,NA,"TRBV7-8",NA,"TRBJ2-7","No","TGTGCCAGCAGCTTAGTTCGGGTACGCACTAGCGGTTACTACGAGCAGTACTTC",NA,28636589,NA
4,"VTEHDTLLY",0,NA,"CASSPGQDTDTQYF","Human","Pathogens","Cytomegalovirus (CMV)","D003586",NA,"1","No","Yes","pp50","P16790","VTEHDTLLY","71290","HLA-A1","PBMC","CD8",NA,NA,NA,NA,"TRBV7-8",NA,"TRBJ2-3","No","TGTGCCAGCAGCCCAGGACAGGACACAGATACGCAGTATTTT",NA,28636589,NA
4,"VTEHDTLLY",0,NA,"CASSPGTDTQYF","Human","Pathogens","Cytomegalovirus (CMV)","D003586",NA,"1","No","Yes","pp50","P16790","VTEHDTLLY","71290","HLA-A1","PBMC","CD8",NA,NA,NA,NA,"TRBV7-8",NA,"TRBJ2-3","No","TGTGCCAGCAGCCCTGGGACAGATACGCAGTATTTT",NA,28636589,NA
4,"VTEHDTLLY",0,NA,"CASSPPGIGGYNEQFF","Human","Pathogens","Cytomegalovirus (CMV)","D003586",NA,"1","No","Yes","pp50","P16790","VTEHDTLLY","71290","HLA-A1","PBMC","CD8",NA,NA,NA,NA,"TRBV7-8",NA,"TRBJ2-1","No","TGTGCCAGCAGCCCACCCGGGATAGGAGGCTACAATGAGCAGTTCTTC",NA,28636589,NA
4,"VTEHDTLLY",0,NA,"CASSPRTSGNEQFF","Human","Pathogens","Cytomegalovirus (CMV)","D003586",NA,"1","No","Yes","pp50","P16790","VTEHDTLLY","71290","HLA-A1","PBMC","CD8",NA,NA,NA,NA,"TRBV7-8",NA,"TRBJ2-1","No","TGTGCCAGCAGCCCCAGGACTAGCGGGAATGAGCAGTTCTTC",NA,28636589,NA
4,"VTEHDTLLY",0,NA,"CASSPTWSPYEQYF","Human","Pathogens","Cytomegalovirus (CMV)","D003586",NA,"1","No","Yes","pp50","P16790","VTEHDTLLY","71290","HLA-A1","PBMC","CD8",NA,NA,NA,NA,"TRBV7-8",NA,"TRBJ2-7","No","TGTGCCAGCAGCCCAACGTGGAGCCCCTACGAGCAGTACTTC",NA,28636589,NA
4,"VTEHDTLLY",0,NA,"CASSQDRRRAWNEQFF","Human","Pathogens","Cytomegalovirus (CMV)","D003586",NA,"1","No","Yes","pp50","P16790","VTEHDTLLY","71290","HLA-A1","PBMC","CD8",NA,NA,NA,NA,"TRBV7-8",NA,"TRBJ2-1","No","TGTGCCAGCAGCCAAGATCGACGACGAGCGTGGAATGAGCAGTTCTTC",NA,28636589,NA
4,"VTEHDTLLY",0,NA,"CASSSGLGGPETQYF","Human","Pathogens","Cytomegalovirus (CMV)","D003586",NA,"1","No","Yes","pp50","P16790","VTEHDTLLY","71290","HLA-A1","PBMC","CD8",NA,NA,NA,NA,"TRBV7-8",NA,"TRBJ2-5","No","TGTGCCAGCAGCTCGGGACTAGGGGGGCCGGAGACCCAGTACTTC",NA,28636589,NA
4,"VTEHDTLLY",0,NA,"CASSSIWTSGREETQYF","Human","Pathogens","Cytomegalovirus (CMV)","D003586",NA,"1","No","Yes","pp50","P16790","VTEHDTLLY","71290","HLA-A1","PBMC","CD8",NA,NA,NA,NA,"TRBV7-8",NA,"TRBJ2-5","No","TGTGCCAGCAGCTCTATCTGGACTAGCGGGAGGGAAGAGACCCAGTACTTC",NA,28636589,NA
4,"VTEHDTLLY",0,NA,"CASSTEGLLSTDTQYF","Human","Pathogens","Cytomegalovirus (CMV)","D003586",NA,"1","No","Yes","pp50","P16790","VTEHDTLLY","71290","HLA-A1","PBMC","CD8",NA,NA,NA,NA,"TRBV7-8",NA,"TRBJ2-3","No","TGTGCCAGCAGCACAGAGGGACTCCTTAGCACAGATACGCAGTATTTT",NA,28636589,NA
4,"VTEHDTLLY",0,NA,"CASSYPSNPGGTEAFF","Human","Pathogens","Cytomegalovirus (CMV)","D003586",NA,"1","No","Yes","pp50","P16790","VTEHDTLLY","71290","HLA-A1","PBMC","CD8",NA,NA,NA,NA,"TRBV7-8",NA,"TRBJ1-1","No","TGTGCCAGCAGTTATCCTTCGAACCCGGGAGGCACTGAAGCTTTCTTT",NA,28636589,NA
4,"VTEHDTLLY",0,NA,"CASTPGATTGELFF","Human","Pathogens","Cytomegalovirus (CMV)","D003586",NA,"1","No","Yes","pp50","P16790","VTEHDTLLY","71290","HLA-A1","PBMC","CD8",NA,NA,NA,NA,"TRBV7-8",NA,"TRBJ2-2","No","TGTGCCAGCACACCGGGAGCGACCACCGGGGAGCTGTTTTTT",NA,28636589,NA
4,"VTEHDTLLY",0,NA,"CATDHGGTDEAFF","Human","Pathogens","Cytomegalovirus (CMV)","D003586",NA,"1","No","Yes","pp50","P16790","VTEHDTLLY","71290","HLA-A1","PBMC","CD8",NA,NA,NA,NA,"TRBV7-8",NA,"TRBJ1-1","No","TGTGCCACCGACCATGGTGGGACGGATGAAGCTTTCTTT",NA,28636589,NA
4,"VTEHDTLLY",0,NA,"CAGTLAGGTDTQYF","Human","Pathogens","Cytomegalovirus (CMV)","D003586",NA,"1","No","Yes","pp50","P16790","VTEHDTLLY","71290","HLA-A1","PBMC","CD8",NA,NA,NA,NA,"TRBV7-9",NA,"TRBJ2-3","No","TGTGCCGGAACACTAGCGGGAGGCACAGATACGCAGTATTTT",NA,28636589,NA
4,"VTEHDTLLY",0,NA,"CASRAAPNTEAFF","Human","Pathogens","Cytomegalovirus (CMV)","D003586",NA,"1","No","Yes","pp50","P16790","VTEHDTLLY","71290","HLA-A1","PBMC","CD8",NA,NA,NA,NA,"TRBV7-9",NA,"TRBJ1-1","No","TGTGCCAGCCGGGCAGCTCCGAACACTGAAGCTTTCTTT",NA,28636589,NA
4,"VTEHDTLLY",0,NA,"CASRHNTQASHEQYF","Human","Pathogens","Cytomegalovirus (CMV)","D003586",NA,"1","No","Yes","pp50","P16790","VTEHDTLLY","71290","HLA-A1","PBMC","CD8",NA,NA,NA,NA,"TRBV7-9",NA,"TRBJ2-7","No","TGTGCCAGCAGACACAACACTCAGGCGTCCCACGAGCAGTACTTC",NA,28636589,NA
4,"VTEHDTLLY",0,NA,"CASRLAGGGGEQFF","Human","Pathogens","Cytomegalovirus (CMV)","D003586",NA,"1","No","Yes","pp50","P16790","VTEHDTLLY","71290","HLA-A1","PBMC","CD8",NA,NA,NA,NA,"TRBV7-9",NA,"TRBJ2-1","No","TGTGCCAGCAGACTAGCGGGAGGGGGGGGTGAGCAGTTCTTC",NA,28636589,NA
4,"VTEHDTLLY",0,NA,"CASRPGTSGRNNEQFF","Human","Pathogens","Cytomegalovirus (CMV)","D003586",NA,"1","No","Yes","pp50","P16790","VTEHDTLLY","71290","HLA-A1","PBMC","CD8",NA,NA,NA,NA,"TRBV7-9",NA,"TRBJ2-1","No","TGTGCCAGCAGACCCGGGACTAGCGGGAGAAACAATGAGCAGTTCTTC",NA,28636589,NA
4,"VTEHDTLLY",0,NA,"CASRWSGGGARDPQYF","Human","Pathogens","Cytomegalovirus (CMV)","D003586",NA,"1","No","Yes","pp50","P16790","VTEHDTLLY","71290","HLA-A1","PBMC","CD8",NA,NA,NA,NA,"TRBV7-9",NA,"TRBJ2-3","No","TGTGCCAGCCGCTGGTCTGGTGGGGGGGCCAGAGATCCGCAGTATTTT",NA,28636589,NA
4,"VTEHDTLLY",0,NA,"CASRWSGGGARDTQNF","Human","Pathogens","Cytomegalovirus (CMV)","D003586",NA,"1","No","Yes","pp50","P16790","VTEHDTLLY","71290","HLA-A1","PBMC","CD8",NA,NA,NA,NA,"TRBV7-9",NA,"TRBJ2-3","No","TGTGCCAGCAGGTGGTCTGGGGGAGGGGCCAGAGATACGCAGAATTTT",NA,28636589,NA
4,"VTEHDTLLY",0,NA,"CASSADRDRGLDTGELFF","Human","Pathogens","Cytomegalovirus (CMV)","D003586",NA,"1","No","Yes","pp50","P16790","VTEHDTLLY","71290","HLA-A1","PBMC","CD8",NA,NA,NA,NA,"TRBV7-9",NA,"TRBJ2-2","No","TGTGCCAGCAGCGCGGACCGGGACAGGGGGCTCGACACCGGGGAGCTGTTTTTT",NA,28636589,NA
4,"VTEHDTLLY",0,NA,"CASSFITDTQYF","Human","Pathogens","Cytomegalovirus (CMV)","D003586",NA,"1","No","Yes","pp50","P16790","VTEHDTLLY","71290","HLA-A1","PBMC","CD8",NA,NA,NA,NA,"TRBV7-9",NA,"TRBJ2-3","No","TGTGCCAGCAGCTTTATCACAGATACGCAGTATTTT",NA,28636589,NA
4,"VTEHDTLLY",0,NA,"CASSFPVLAGLSSTDTQYF","Human","Pathogens","Cytomegalovirus (CMV)","D003586",NA,"1","No","Yes","pp50","P16790","VTEHDTLLY","71290","HLA-A1","PBMC","CD8",NA,NA,NA,NA,"TRBV7-9",NA,"TRBJ2-3","No","TGTGCCAGCAGCTTCCCGGTTCTAGCGGGGCTCTCTAGCACAGATACGCAGTATTTT",NA,28636589,NA
4,"VTEHDTLLY",0,NA,"CASSGEREDNEQFF","Human","Pathogens","Cytomegalovirus (CMV)","D003586",NA,"1","No","Yes","pp50","P16790","VTEHDTLLY","71290","HLA-A1","PBMC","CD8",NA,NA,NA,NA,"TRBV7-9",NA,"TRBJ2-1","No","TGTGCCAGCAGCGGCGAGCGGGAGGACAATGAGCAGTTCTTC",NA,28636589,NA
4,"VTEHDTLLY",0,NA,"CASSKENNNRPYEQYF","Human","Pathogens","Cytomegalovirus (CMV)","D003586",NA,"1","No","Yes","pp50","P16790","VTEHDTLLY","71290","HLA-A1","PBMC","CD8",NA,NA,NA,NA,"TRBV7-9",NA,"TRBJ2-7","No","TGTGCCAGCAGTAAAGAAAATAATAACAGACCCTACGAGCAGTACTTC",NA,28636589,NA
4,"VTEHDTLLY",0,NA,"CASSLAGFGQPQHF","Human","Pathogens","Cytomegalovirus (CMV)","D003586",NA,"1","No","Yes","pp50","P16790","VTEHDTLLY","71290","HLA-A1","PBMC","CD8",NA,NA,NA,NA,"TRBV7-9",NA,"TRBJ1-5","No","TGTGCCAGCAGCTTAGCAGGGTTTGGTCAGCCCCAGCATTTT",NA,28636589,NA
4,"VTEHDTLLY",0,NA,"CASSLASTGELFF","Human","Pathogens","Cytomegalovirus (CMV)","D003586",NA,"1","No","Yes","pp50","P16790","VTEHDTLLY","71290","HLA-A1","PBMC","CD8",NA,NA,NA,NA,"TRBV7-9",NA,"TRBJ2-2","No","TGTGCCAGCAGCTTGGCCAGCACCGGGGAGCTGTTTTTT",NA,28636589,NA
4,"VTEHDTLLY",0,NA,"CASSLEGSTDTQYF","Human","Pathogens","Cytomegalovirus (CMV)","D003586",NA,"1","No","Yes","pp50","P16790","VTEHDTLLY","71290","HLA-A1","PBMC","CD8",NA,NA,NA,NA,"TRBV7-9",NA,"TRBJ2-3","No","TGTGCCAGCAGCTTAGAGGGTAGCACAGATACGCAGTATTTT",NA,28636589,NA
4,"VTEHDTLLY",0,NA,"CASSLGGEQFF","Human","Pathogens","Cytomegalovirus (CMV)","D003586",NA,"1","No","Yes","pp50","P16790","VTEHDTLLY","71290","HLA-A1","PBMC","CD8",NA,NA,NA,NA,"TRBV7-9",NA,"TRBJ2-1","No","TGTGCCAGCAGCTTAGGGGGAGAGCAGTTCTTC",NA,28636589,NA
4,"VTEHDTLLY",0,NA,"CASSLGGSGYEQYF","Human","Pathogens","Cytomegalovirus (CMV)","D003586",NA,"1","No","Yes","pp50","P16790","VTEHDTLLY","71290","HLA-A1","PBMC","CD8",NA,NA,NA,NA,"TRBV7-9",NA,"TRBJ2-7","No","TGTGCCAGCAGCTTAGGGGGGAGCGGCTACGAGCAGTACTTC",NA,28636589,NA
4,"VTEHDTLLY",0,NA,"CASSLGTGEVVGELFF","Human","Pathogens","Cytomegalovirus (CMV)","D003586",NA,"1","No","Yes","pp50","P16790","VTEHDTLLY","71290","HLA-A1","PBMC","CD8",NA,NA,NA,NA,"TRBV7-9",NA,"TRBJ2-2","No","TGTGCCAGCAGCTTAGGAACAGGGGAAGTCGTCGGGGAGCTGTTTTTT",NA,28636589,NA
4,"VTEHDTLLY",0,NA,"CASSLGTGGWETQYF","Human","Pathogens","Cytomegalovirus (CMV)","D003586",NA,"1","No","Yes","pp50","P16790","VTEHDTLLY","71290","HLA-A1","PBMC","CD8",NA,NA,NA,NA,"TRBV7-9",NA,"TRBJ2-5","No","TGTGCCAGCAGCTTAGGGACAGGGGGCTGGGAGACCCAGTACTTC",NA,28636589,NA
4,"VTEHDTLLY",0,NA,"CASSLGVDEQFF","Human","Pathogens","Cytomegalovirus (CMV)","D003586",NA,"1","No","Yes","pp50","P16790","VTEHDTLLY","71290","HLA-A1","PBMC","CD8",NA,NA,NA,NA,"TRBV7-9",NA,"TRBJ2-1","No","TGTGCCAGCAGCTTGGGGGTTGATGAGCAGTTCTTC",NA,28636589,NA
4,"VTEHDTLLY",0,NA,"CASSLIGEGTTEDEQFF","Human","Pathogens","Cytomegalovirus (CMV)","D003586",NA,"1","No","Yes","pp50","P16790","VTEHDTLLY","71290","HLA-A1","PBMC","CD8",NA,NA,NA,NA,"TRBV7-9",NA,"TRBJ2-1","No","TGTGCCAGCAGCTTAATAGGTGAGGGGACTACCGAGGATGAGCAGTTCTTC",NA,28636589,NA
4,"VTEHDTLLY",0,NA,"CASSLNPRQGRDEQFF","Human","Pathogens","Cytomegalovirus (CMV)","D003586",NA,"1","No","Yes","pp50","P16790","VTEHDTLLY","71290","HLA-A1","PBMC","CD8",NA,NA,NA,NA,"TRBV7-9",NA,"TRBJ2-1","No","TGTGCCAGCAGCTTAAACCCCCGACAGGGTAGGGACGAGCAGTTCTTC",NA,28636589,NA
4,"VTEHDTLLY",0,NA,"CASSLPAGDIQYF","Human","Pathogens","Cytomegalovirus (CMV)","D003586",NA,"1","No","Yes","pp50","P16790","VTEHDTLLY","71290","HLA-A1","PBMC","CD8",NA,NA,NA,NA,"TRBV7-9",NA,"TRBJ2-4","No","TGTGCCAGCAGCCTCCCGGCGGGTGACATTCAGTACTTC",NA,28636589,NA
4,"VTEHDTLLY",0,NA,"CASSLPGPKEQYF","Human","Pathogens","Cytomegalovirus (CMV)","D003586",NA,"1","No","Yes","pp50","P16790","VTEHDTLLY","71290","HLA-A1","PBMC","CD8",NA,NA,NA,NA,"TRBV7-9",NA,"TRBJ2-7","No","TGTGCCAGCAGCTTACCAGGGCCTAAGGAGCAGTACTTC",NA,28636589,NA
4,"VTEHDTLLY",0,NA,"CASSLPLTDTQYF","Human","Pathogens","Cytomegalovirus (CMV)","D003586",NA,"1","No","Yes","pp50","P16790","VTEHDTLLY","71290","HLA-A1","PBMC","CD8",NA,NA,NA,NA,"TRBV7-9",NA,"TRBJ2-3","No","TGTGCCAGCAGCTTACCGCTCACAGATACGCAGTATTTT",NA,28636589,NA
4,"VTEHDTLLY",0,NA,"CASSLPSGRAYEQYF","Human","Pathogens","Cytomegalovirus (CMV)","D003586",NA,"1","No","Yes","pp50","P16790","VTEHDTLLY","71290","HLA-A1","PBMC","CD8",NA,NA,NA,NA,"TRBV7-9",NA,"TRBJ2-7","No","TGTGCCAGCAGCTTACCTAGCGGGCGAGCCTACGAGCAGTACTTC",NA,28636589,NA
4,"VTEHDTLLY",0,NA,"CASSLRRGPDTGELFF","Human","Pathogens","Cytomegalovirus (CMV)","D003586",NA,"1","No","Yes","pp50","P16790","VTEHDTLLY","71290","HLA-A1","PBMC","CD8",NA,NA,NA,NA,"TRBV7-9",NA,"TRBJ2-2","No","TGTGCCAGCAGCTTACGGAGGGGTCCGGACACCGGGGAGCTGTTTTTT",NA,28636589,NA
4,"VTEHDTLLY",0,NA,"CASSLSGSYEQFF","Human","Pathogens","Cytomegalovirus (CMV)","D003586",NA,"1","No","Yes","pp50","P16790","VTEHDTLLY","71290","HLA-A1","PBMC","CD8",NA,NA,NA,NA,"TRBV7-9",NA,"TRBJ2-1","No","TGTGCCAGCAGCTTATCGGGTTCCTACGAGCAGTTCTTC",NA,28636589,NA
4,"VTEHDTLLY",0,NA,"CASSLSGSYEQYF","Human","Pathogens","Cytomegalovirus (CMV)","D003586",NA,"1","No","Yes","pp50","P16790","VTEHDTLLY","71290","HLA-A1","PBMC","CD8",NA,NA,NA,NA,"TRBV7-9",NA,"TRBJ2-7","No","TGTGCCAGCAGCTTATCGGGTTCCTACGAGCAGTACTTC",NA,28636589,NA
4,"VTEHDTLLY",0,NA,"CASSLTGAPTGNSNQPQHF","Human","Pathogens","Cytomegalovirus (CMV)","D003586",NA,"1","No","Yes","pp50","P16790","VTEHDTLLY","71290","HLA-A1","PBMC","CD8",NA,NA,NA,NA,"TRBV7-9",NA,"TRBJ1-5","No","TGTGCCAGCAGCTTAACGGGAGCCCCGACAGGGAATAGCAATCAGCCCCAGCATTTT",NA,28636589,NA
4,"VTEHDTLLY",0,NA,"CASSLTGGYEQYF","Human","Pathogens","Cytomegalovirus (CMV)","D003586",NA,"1","No","Yes","pp50","P16790","VTEHDTLLY","71290","HLA-A1","PBMC","CD8",NA,NA,NA,NA,"TRBV7-9",NA,"TRBJ2-7","No","TGCGCCAGCAGCCTGACGGGGGGGTACGAGCAGTACTTC",NA,28636589,NA
4,"VTEHDTLLY",0,NA,"CASSLVVPQLPTYEQFF","Human","Pathogens","Cytomegalovirus (CMV)","D003586",NA,"1","No","Yes","pp50","P16790","VTEHDTLLY","71290","HLA-A1","PBMC","CD8",NA,NA,NA,NA,"TRBV7-9",NA,"TRBJ2-1","No","TGTGCCAGCAGCTTAGTGGTTCCGCAGCTTCCGACCTACGAGCAGTTCTTC",NA,28636589,NA
4,"VTEHDTLLY",0,NA,"CASSPEGAQSYEQYF","Human","Pathogens","Cytomegalovirus (CMV)","D003586",NA,"1","No","Yes","pp50","P16790","VTEHDTLLY","71290","HLA-A1","PBMC","CD8",NA,NA,NA,NA,"TRBV7-9",NA,"TRBJ2-7","No","TGTGCCAGCAGCCCTGAGGGTGCACAATCCTACGAGCAGTACTTC",NA,28636589,NA
4,"VTEHDTLLY",0,NA,"CASSPEWGYEQYF","Human","Pathogens","Cytomegalovirus (CMV)","D003586",NA,"1","No","Yes","pp50","P16790","VTEHDTLLY","71290","HLA-A1","PBMC","CD8",NA,NA,NA,NA,"TRBV7-9",NA,"TRBJ2-7","No","TGTGCCAGCAGCCCCGAATGGGGGTACGAGCAGTACTTC",NA,28636589,NA
4,"VTEHDTLLY",0,NA,"CASSPPLGAQQFF","Human","Pathogens","Cytomegalovirus (CMV)","D003586",NA,"1","No","Yes","pp50","P16790","VTEHDTLLY","71290","HLA-A1","PBMC","CD8",NA,NA,NA,NA,"TRBV7-9",NA,"TRBJ2-1","No","TGTGCCAGCAGCCCGCCACTGGGCGCCCAGCAGTTCTTC",NA,28636589,NA
4,"VTEHDTLLY",0,NA,"CASSPPWTNEKLFF","Human","Pathogens","Cytomegalovirus (CMV)","D003586",NA,"1","No","Yes","pp50","P16790","VTEHDTLLY","71290","HLA-A1","PBMC","CD8",NA,NA,NA,NA,"TRBV7-9",NA,"TRBJ1-4","No","TGTGCCAGCAGCCCCCCTTGGACTAATGAAAAACTGTTTTTT",NA,28636589,NA
4,"VTEHDTLLY",0,NA,"CASSPQGINTEAFF","Human","Pathogens","Cytomegalovirus (CMV)","D003586",NA,"1","No","Yes","pp50","P16790","VTEHDTLLY","71290","HLA-A1","PBMC","CD8",NA,NA,NA,NA,"TRBV7-9",NA,"TRBJ1-1","No","TGTGCCAGCAGCCCACAGGGGATTAACACTGAAGCTTTCTTT",NA,28636589,NA
4,"VTEHDTLLY",0,NA,"CASSPQGVVEQFF","Human","Pathogens","Cytomegalovirus (CMV)","D003586",NA,"1","No","Yes","pp50","P16790","VTEHDTLLY","71290","HLA-A1","PBMC","CD8",NA,NA,NA,NA,"TRBV7-9",NA,"TRBJ2-1","No","TGTGCCAGCAGCCCACAGGGGGTTGTTGAGCAGTTCTTC",NA,28636589,NA
4,"VTEHDTLLY",0,NA,"CASSPVAGGNHNEQFF","Human","Pathogens","Cytomegalovirus (CMV)","D003586",NA,"1","No","Yes","pp50","P16790","VTEHDTLLY","71290","HLA-A1","PBMC","CD8",NA,NA,NA,NA,"TRBV7-9",NA,"TRBJ2-1","No","TGTGCCAGCAGCCCCGTAGCGGGAGGAAACCACAATGAGCAGTTCTTC",NA,28636589,NA
4,"VTEHDTLLY",0,NA,"CASSQDGLGGSYNEQFF","Human","Pathogens","Cytomegalovirus (CMV)","D003586",NA,"1","No","Yes","pp50","P16790","VTEHDTLLY","71290","HLA-A1","PBMC","CD8",NA,NA,NA,NA,"TRBV7-9",NA,"TRBJ2-1","No","TGTGCCAGCAGCCAAGATGGCTTGGGAGGATCCTACAATGAGCAGTTCTTC",NA,28636589,NA
4,"VTEHDTLLY",0,NA,"CASSQDISDTDTQYF","Human","Pathogens","Cytomegalovirus (CMV)","D003586",NA,"1","No","Yes","pp50","P16790","VTEHDTLLY","71290","HLA-A1","PBMC","CD8",NA,NA,NA,NA,"TRBV7-9",NA,"TRBJ2-3","No","TGCGCCAGCAGCCAAGATATCTCCGACACAGATACGCAGTATTTT",NA,28636589,NA
4,"VTEHDTLLY",0,NA,"CASSQFSAGGSTDTQYF","Human","Pathogens","Cytomegalovirus (CMV)","D003586",NA,"1","No","Yes","pp50","P16790","VTEHDTLLY","71290","HLA-A1","PBMC","CD8",NA,NA,NA,NA,"TRBV7-9",NA,"TRBJ2-3","No","TGCGCCAGCAGCCAATTTTCCGCAGGGGGGAGCACAGATACGCAGTATTTT",NA,28636589,NA
4,"VTEHDTLLY",0,NA,"CASSQLAGVVTQYF","Human","Pathogens","Cytomegalovirus (CMV)","D003586",NA,"1","No","Yes","pp50","P16790","VTEHDTLLY","71290","HLA-A1","PBMC","CD8",NA,NA,NA,NA,"TRBV7-9",NA,"TRBJ2-3","No","TGTGCCAGCAGCCAACTAGCGGGAGTGGTTACGCAGTATTTT",NA,28636589,NA
4,"VTEHDTLLY",0,NA,"CASSRAGTGGSETQYF","Human","Pathogens","Cytomegalovirus (CMV)","D003586",NA,"1","No","Yes","pp50","P16790","VTEHDTLLY","71290","HLA-A1","PBMC","CD8",NA,NA,NA,NA,"TRBV7-9",NA,"TRBJ2-5","No","TGTGCCAGCAGTCGAGCCGGGACAGGGGGCTCAGAGACCCAGTACTTC",NA,28636589,NA
4,"VTEHDTLLY",0,NA,"CASSRDRGPIGEQYF","Human","Pathogens","Cytomegalovirus (CMV)","D003586",NA,"1","No","Yes","pp50","P16790","VTEHDTLLY","71290","HLA-A1","PBMC","CD8",NA,NA,NA,NA,"TRBV7-9",NA,"TRBJ2-7","No","TGTGCCAGCAGCAGAGACAGGGGGCCCATAGGCGAGCAGTACTTC",NA,28636589,NA
4,"VTEHDTLLY",0,NA,"CASSSGRGLVQYF","Human","Pathogens","Cytomegalovirus (CMV)","D003586",NA,"1","No","Yes","pp50","P16790","VTEHDTLLY","71290","HLA-A1","PBMC","CD8",NA,NA,NA,NA,"TRBV7-9",NA,"TRBJ2-7","No","TGTGCCAGCAGCTCAGGCCGGGGTTTAGTGCAGTACTTC",NA,28636589,NA
4,"VTEHDTLLY",0,NA,"CASSSIAGPIEQFF","Human","Pathogens","Cytomegalovirus (CMV)","D003586",NA,"1","No","Yes","pp50","P16790","VTEHDTLLY","71290","HLA-A1","PBMC","CD8",NA,NA,NA,NA,"TRBV7-9",NA,"TRBJ2-1","No","TGTGCCAGCAGCTCTATAGCGGGGCCCATAGAGCAGTTCTTC",NA,28636589,NA
4,"VTEHDTLLY",0,NA,"CASSSSGQVYEQYF","Human","Pathogens","Cytomegalovirus (CMV)","D003586",NA,"1","No","Yes","pp50","P16790","VTEHDTLLY","71290","HLA-A1","PBMC","CD8",NA,NA,NA,NA,"TRBV7-9",NA,"TRBJ2-7","No","TGTGCCAGCAGTTCCTCCGGACAGGTCTACGAGCAGTACTTC",NA,28636589,NA
4,"VTEHDTLLY",0,NA,"CASSSTLGTQYF","Human","Pathogens","Cytomegalovirus (CMV)","D003586",NA,"1","No","Yes","pp50","P16790","VTEHDTLLY","71290","HLA-A1","PBMC","CD8",NA,NA,NA,NA,"TRBV7-9",NA,"TRBJ2-5","No","TGTGCCAGCAGCTCTACCCTTGGGACCCAGTACTTC",NA,28636589,NA
4,"VTEHDTLLY",0,NA,"CASSTSRSGGIDTQYF","Human","Pathogens","Cytomegalovirus (CMV)","D003586",NA,"1","No","Yes","pp50","P16790","VTEHDTLLY","71290","HLA-A1","PBMC","CD8",NA,NA,NA,NA,"TRBV7-9",NA,"TRBJ2-3","No","TGTGCCAGCAGTACGTCGAGGTCCGGGGGGATCGATACGCAGTATTTT",NA,28636589,NA
4,"VTEHDTLLY",0,NA,"CASSWDSSYEQYF","Human","Pathogens","Cytomegalovirus (CMV)","D003586",NA,"1","No","Yes","pp50","P16790","VTEHDTLLY","71290","HLA-A1","PBMC","CD8",NA,NA,NA,NA,"TRBV7-9",NA,"TRBJ2-7","No","TGTGCCAGCAGCTGGGACAGCTCCTACGAGCAGTACTTC",NA,28636589,NA
4,"VTEHDTLLY",0,NA,"CASSWFGGGARDTQYF","Human","Pathogens","Cytomegalovirus (CMV)","D003586",NA,"1","No","Yes","pp50","P16790","VTEHDTLLY","71290","HLA-A1","PBMC","CD8",NA,NA,NA,NA,"TRBV7-9",NA,"TRBJ2-3","No","TGTGCCAGCAGCTGGTTTGGCGGAGGGGCCAGAGATACGCAGTATTTT",NA,28636589,NA
4,"VTEHDTLLY",0,NA,"CASSWPGGGARDTQHF","Human","Pathogens","Cytomegalovirus (CMV)","D003586",NA,"1","No","Yes","pp50","P16790","VTEHDTLLY","71290","HLA-A1","PBMC","CD8",NA,NA,NA,NA,"TRBV7-9",NA,"TRBJ2-3","No","TGTGCCAGCAGCTGGCCTGGTGGGGGGGCCAGAGATACGCAGCATTTT",NA,28636589,NA
4,"VTEHDTLLY",0,NA,"CASSWSGGAARDTQYF","Human","Pathogens","Cytomegalovirus (CMV)","D003586",NA,"1","No","Yes","pp50","P16790","VTEHDTLLY","71290","HLA-A1","PBMC","CD8",NA,NA,NA,NA,"TRBV7-9",NA,"TRBJ2-3","No","TGTGCCAGCAGCTGGTCTGGCGGGGCGGCCAGAGATACGCAGTATTTT",NA,28636589,NA
4,"VTEHDTLLY",0,NA,"CASSWSGGARDTQYF","Human","Pathogens","Cytomegalovirus (CMV)","D003586",NA,"1","No","Yes","pp50","P16790","VTEHDTLLY","71290","HLA-A1","PBMC","CD8",NA,NA,NA,NA,"TRBV7-9",NA,"TRBJ2-3","No","TGTGCCAGCAGCTGGTCTGGTGGGGCCAGAGATACGCAGTATTTT",NA,28636589,NA
4,"VTEHDTLLY",0,NA,"CASSWSGGGARATQYF","Human","Pathogens","Cytomegalovirus (CMV)","D003586",NA,"1","No","Yes","pp50","P16790","VTEHDTLLY","71290","HLA-A1","PBMC","CD8",NA,NA,NA,NA,"TRBV7-9",NA,"TRBJ2-3","No","TGTGCCAGCAGCTGGTCTGGCGGGGGGGCCAGAGCTACGCAGTATTTT",NA,28636589,NA
4,"VTEHDTLLY",0,NA,"CASSWSGGGARDMQYF","Human","Pathogens","Cytomegalovirus (CMV)","D003586",NA,"1","No","Yes","pp50","P16790","VTEHDTLLY","71290","HLA-A1","PBMC","CD8",NA,NA,NA,NA,"TRBV7-9",NA,"TRBJ2-3","No","TGTGCCAGCAGCTGGTCTGGTGGCGGGGCCAGAGATATGCAGTATTTT",NA,28636589,NA
4,"VTEHDTLLY",0,NA,"CASSWSGGGARDTKNF","Human","Pathogens","Cytomegalovirus (CMV)","D003586",NA,"1","No","Yes","pp50","P16790","VTEHDTLLY","71290","HLA-A1","PBMC","CD8",NA,NA,NA,NA,"TRBV7-9",NA,"TRBJ2-3","No","TGTGCCAGCAGCTGGTCTGGTGGGGGGGCCAGAGATACGAAGAATTTT",NA,28636589,NA
4,"VTEHDTLLY",0,NA,"CASSWSGGGARDTQDV","Human","Pathogens","Cytomegalovirus (CMV)","D003586",NA,"1","No","Yes","pp50","P16790","VTEHDTLLY","71290","HLA-A1","PBMC","CD8",NA,NA,NA,NA,"TRBV7-9",NA,"TRBJ2-3","No","TGTGCCAGCAGCTGGTCTGGTGGGGGGGCCAGAGATACGCAGGATGTT",NA,28636589,NA
4,"VTEHDTLLY",0,NA,"CASSWSGGGARDTQHF","Human","Pathogens","Cytomegalovirus (CMV)","D003586",NA,"1","No","Yes","pp50","P16790","VTEHDTLLY","71290","HLA-A1","PBMC","CD8",NA,NA,NA,NA,"TRBV7-9",NA,"TRBJ2-3","No","TGTGCCAGCAGCTGGTCTGGTGGGGGGGCCAGAGACACGCAGCATTTT",NA,28636589,NA
4,"VTEHDTLLY",0,NA,"CASSWSGGGARDTQNF","Human","Pathogens","Cytomegalovirus (CMV)","D003586",NA,"1","No","Yes","pp50","P16790","VTEHDTLLY","71290","HLA-A1","PBMC","CD8",NA,NA,NA,NA,"TRBV7-9",NA,"TRBJ2-3","No","TGTGCCAGCAGCTGGTCTGGTGGGGGGGCAAGAGATACGCAGAATTTT",NA,28636589,NA
4,"VTEHDTLLY",0,NA,"CASSWSGGGARDTQNF","Human","Pathogens","Cytomegalovirus (CMV)","D003586",NA,"1","No","Yes","pp50","P16790","VTEHDTLLY","71290","HLA-A1","PBMC","CD8",NA,NA,NA,NA,"TRBV7-9",NA,"TRBJ2-3","No","TGTGCCAGCAGCTGGTCTGGTGGGGGGGCCAGGGATACGCAGAATTTT",NA,28636589,NA
4,"VTEHDTLLY",0,NA,"CASSWSGGGARDTQYF","Human","Pathogens","Cytomegalovirus (CMV)","D003586",NA,"1","No","Yes","pp50","P16790","VTEHDTLLY","71290","HLA-A1","PBMC","CD8",NA,NA,NA,NA,"TRBV7-9",NA,"TRBJ2-3","No","TGTGCCAGCAGCTGGTCTGGGGGGGGGGCAAGAGATACGCAGTATTTT",NA,28636589,NA
4,"VTEHDTLLY",0,NA,"CASSWSGGGARDTQYF","Human","Pathogens","Cytomegalovirus (CMV)","D003586",NA,"1","No","Yes","pp50","P16790","VTEHDTLLY","71290","HLA-A1","PBMC","CD8",NA,NA,NA,NA,"TRBV7-9",NA,"TRBJ2-3","No","TGTGCCAGCAGCTGGTCTGGTGGGGGGGCCAGAGATACGCAGTATTTT",NA,28636589,NA
4,"VTEHDTLLY",0,NA,"CASSWSGGGARVPQYF","Human","Pathogens","Cytomegalovirus (CMV)","D003586",NA,"1","No","Yes","pp50","P16790","VTEHDTLLY","71290","HLA-A1","PBMC","CD8",NA,NA,NA,NA,"TRBV7-9",NA,"TRBJ2-3","No","TGTGCCAGCAGCTGGTCTGGTGGGGGGGCCAGAGTTCCGCAGTATTTT",NA,28636589,NA
4,"VTEHDTLLY",0,NA,"CASSWSGGGASATQYF","Human","Pathogens","Cytomegalovirus (CMV)","D003586",NA,"1","No","Yes","pp50","P16790","VTEHDTLLY","71290","HLA-A1","PBMC","CD8",NA,NA,NA,NA,"TRBV7-9",NA,"TRBJ2-3","No","TGTGCCAGCAGCTGGTCTGGTGGGGGGGCCAGCGCTACGCAGTATTTT",NA,28636589,NA
4,"VTEHDTLLY",0,NA,"CASSWSGGGASDTPYF","Human","Pathogens","Cytomegalovirus (CMV)","D003586",NA,"1","No","Yes","pp50","P16790","VTEHDTLLY","71290","HLA-A1","PBMC","CD8",NA,NA,NA,NA,"TRBV7-9",NA,"TRBJ2-3","No","TGTGCCAGCAGCTGGTCTGGTGGGGGGGCCAGCGATACGCCGTATTTT",NA,28636589,NA
4,"VTEHDTLLY",0,NA,"CASSWSGGGGARDTQYF","Human","Pathogens","Cytomegalovirus (CMV)","D003586",NA,"1","No","Yes","pp50","P16790","VTEHDTLLY","71290","HLA-A1","PBMC","CD8",NA,NA,NA,NA,"TRBV7-9",NA,"TRBJ2-3","No","TGTGCCAGCAGCTGGTCTGGTGGGGGGGGGGCCAGAGATACGCAGTATTTT",NA,28636589,NA
4,"VTEHDTLLY",0,NA,"CASSWSGGGPRDTQNF","Human","Pathogens","Cytomegalovirus (CMV)","D003586",NA,"1","No","Yes","pp50","P16790","VTEHDTLLY","71290","HLA-A1","PBMC","CD8",NA,NA,NA,NA,"TRBV7-9",NA,"TRBJ2-3","No","TGTGCCAGCAGCTGGTCTGGTGGGGGGCCCAGAGATACGCAGAATTTT",NA,28636589,NA
4,"VTEHDTLLY",0,NA,"CASSWSGGGTTDTQYF","Human","Pathogens","Cytomegalovirus (CMV)","D003586",NA,"1","No","Yes","pp50","P16790","VTEHDTLLY","71290","HLA-A1","PBMC","CD8",NA,NA,NA,NA,"TRBV7-9",NA,"TRBJ2-3","No","TGTGCCAGCAGCTGGTCTGGTGGGGGGACCACAGATACGCAGTATTTT",NA,28636589,NA
4,"VTEHDTLLY",0,NA,"CASSWSGGRASDTQYF","Human","Pathogens","Cytomegalovirus (CMV)","D003586",NA,"1","No","Yes","pp50","P16790","VTEHDTLLY","71290","HLA-A1","PBMC","CD8",NA,NA,NA,NA,"TRBV7-9",NA,"TRBJ2-3","No","TGTGCCAGCAGCTGGTCTGGTGGGAGGGCCAGCGATACGCAGTATTTT",NA,28636589,NA
4,"VTEHDTLLY",0,NA,"CASSWTGGGARDTQYF","Human","Pathogens","Cytomegalovirus (CMV)","D003586",NA,"1","No","Yes","pp50","P16790","VTEHDTLLY","71290","HLA-A1","PBMC","CD8",NA,NA,NA,NA,"TRBV7-9",NA,"TRBJ2-3","No","TGTGCCAGCAGCTGGACTGGTGGGGGGGCAAGAGATACGCAGTATTTT",NA,28636589,NA
4,"VTEHDTLLY",0,NA,"CASSYDRGDYEQYF","Human","Pathogens","Cytomegalovirus (CMV)","D003586",NA,"1","No","Yes","pp50","P16790","VTEHDTLLY","71290","HLA-A1","PBMC","CD8",NA,NA,NA,NA,"TRBV7-9",NA,"TRBJ2-7","No","TGTGCCAGCAGCTACGACAGGGGGGACTACGAGCAGTACTTC",NA,28636589,NA
4,"VTEHDTLLY",0,NA,"CASTLLGGKYEQYF","Human","Pathogens","Cytomegalovirus (CMV)","D003586",NA,"1","No","Yes","pp50","P16790","VTEHDTLLY","71290","HLA-A1","PBMC","CD8",NA,NA,NA,NA,"TRBV7-9",NA,"TRBJ2-7","No","TGTGCCAGCACCCTTCTGGGGGGCAAGTACGAGCAGTACTTC",NA,28636589,NA
4,"VTEHDTLLY",0,NA,"CASSAIGGAYEQYF","Human","Pathogens","Cytomegalovirus (CMV)","D003586",NA,"1","No","Yes","pp50","P16790","VTEHDTLLY","71290","HLA-A1","PBMC","CD8",NA,NA,NA,NA,"TRBV9",NA,"TRBJ2-7","No","TGTGCCAGCAGCGCGATCGGGGGCGCCTACGAGCAGTACTTC",NA,28636589,NA
4,"VTEHDTLLY",0,NA,"CASSGPSNEQFF","Human","Pathogens","Cytomegalovirus (CMV)","D003586",NA,"1","No","Yes","pp50","P16790","VTEHDTLLY","71290","HLA-A1","PBMC","CD8",NA,NA,NA,NA,"TRBV9",NA,"TRBJ2-1","No","TGTGCCAGCAGCGGCCCTAGTAATGAGCAGTTCTTC",NA,28636589,NA
4,"VTEHDTLLY",0,NA,"CASSPGLAMNNEQFF","Human","Pathogens","Cytomegalovirus (CMV)","D003586",NA,"1","No","Yes","pp50","P16790","VTEHDTLLY","71290","HLA-A1","PBMC","CD8",NA,NA,NA,NA,"TRBV9",NA,"TRBJ2-1","No","TGTGCCAGCAGCCCGGGACTAGCCATGAACAATGAGCAGTTCTTC",NA,28636589,NA
4,"VTEHDTLLY",0,NA,"CASSQERGGKWAYEQYF","Human","Pathogens","Cytomegalovirus (CMV)","D003586",NA,"1","No","Yes","pp50","P16790","VTEHDTLLY","71290","HLA-A1","PBMC","CD8",NA,NA,NA,NA,"TRBV9",NA,"TRBJ2-7","No","TGTGCCAGCAGCCAAGAGCGCGGGGGCAAATGGGCCTACGAGCAGTACTTC",NA,28636589,NA
4,"VTEHDTLLY",0,NA,"CASSVGQGKTYEQYF","Human","Pathogens","Cytomegalovirus (CMV)","D003586",NA,"1","No","Yes","pp50","P16790","VTEHDTLLY","71290","HLA-A1","PBMC","CD8",NA,NA,NA,NA,"TRBV9",NA,"TRBJ2-7","No","TGTGCCAGCAGCGTCGGGCAGGGGAAAACCTACGAGCAGTACTTC",NA,28636589,NA
4,"VTEHDTLLY",0,NA,"CASSVGQGVTYEQYF","Human","Pathogens","Cytomegalovirus (CMV)","D003586",NA,"1","No","Yes","pp50","P16790","VTEHDTLLY","71290","HLA-A1","PBMC","CD8",NA,NA,NA,NA,"TRBV9",NA,"TRBJ2-7","No","TGTGCCAGCAGCGTAGGGCAGGGAGTTACCTACGAGCAGTACTTC",NA,28636589,NA
4,"VTEHDTLLY",0,NA,"CASSVRQGVTYEQYF","Human","Pathogens","Cytomegalovirus (CMV)","D003586",NA,"1","No","Yes","pp50","P16790","VTEHDTLLY","71290","HLA-A1","PBMC","CD8",NA,NA,NA,NA,"TRBV9",NA,"TRBJ2-7","No","TGTGCCAGCAGCGTAAGGCAGGGGGTTACCTACGAGCAGTACTTC",NA,28636589,NA
4,"VTEHDTLLY",0,NA,"CASSVVHGVTYEQYF","Human","Pathogens","Cytomegalovirus (CMV)","D003586",NA,"1","No","Yes","pp50","P16790","VTEHDTLLY","71290","HLA-A1","PBMC","CD8",NA,NA,NA,NA,"TRBV9",NA,"TRBJ2-7","No","TGTGCCAGCAGCGTAGTGCATGGAGTTACCTACGAGCAGTACTTC",NA,28636589,NA
4,"VTEHDTLLY",0,NA,"CSARLLGGGQSYEQYF","Human","Pathogens","Cytomegalovirus (CMV)","D003586",NA,"1","Yes","Yes","pp50","P16790","VTEHDTLLY","71290",NA,NA,NA,NA,NA,NA,NA,"TRBV20-1",NA,"TRBJ2-7",NA,NA,NA,35401538,NA
4,"VTEHDTLLY",0,NA,"CASSVGQGSSYEQYF","Human","Pathogens","Cytomegalovirus (CMV)","D003586",NA,"1","Yes","Yes","pp50","P16790","VTEHDTLLY","71290",NA,NA,NA,NA,NA,NA,NA,"TRBV9",NA,"TRBJ2-7",NA,NA,NA,35401538,NA
4,"VTEHDTLLY",0,"CAAPNNQGGKLIF","CSARLLGGGQSYEQYF","Human","Pathogens","Cytomegalovirus (CMV)","D003586",NA,"1","Yes","Yes","pp50","P16790","VTEHDTLLY","71290",NA,NA,NA,NA,NA,"TRAV1","TRAJ23",NA,NA,NA,NA,NA,NA,35401538,NA
4,"VTEHDTLLY",0,"CAAPNNQGGKLIF","CSARLLGGGQSYEQYF","Human","Pathogens","Cytomegalovirus (CMV)","D003586",NA,"1","Yes","Yes","pp50","P16790","VTEHDTLLY","71290",NA,NA,NA,NA,NA,"TRAV1","TRAJ23",NA,NA,NA,NA,NA,NA,35401538,NA
7,"TDLGQNLLY",0,NA,"CSAPGQGTDTQYF","Human","Pathogens","Adenovirus","D000256",NA,"1","Yes","Yes","HEXON","P03277","TDLGQNLLY","63191",NA,NA,NA,NA,NA,NA,NA,"TRBV20-1",NA,"TRBJ2-3",NA,NA,NA,35401538,NA
7,"TDLGQNLLY",0,NA,"CSAPGQGTTEAFF","Human","Pathogens","Adenovirus","D000256",NA,"1","Yes","Yes","HEXON","P03277","TDLGQNLLY","63191",NA,NA,NA,NA,NA,NA,NA,"TRBV20-1",NA,"TRBJ1-1",NA,NA,NA,35401538,NA
7,"TDLGQNLLY",0,NA,"CSAPGQGTYEQYF","Human","Pathogens","Adenovirus","D000256",NA,"1","Yes","Yes","HEXON","P03277","TDLGQNLLY","63191",NA,NA,NA,NA,NA,NA,NA,"TRBV20-1",NA,"TRBJ2-7",NA,NA,NA,35401538,NA
7,"TDLGQNLLY",0,NA,"CSAPGQGSTEAFF","Human","Pathogens","Adenovirus","D000256",NA,"1","Yes","Yes","HEXON","P03277","TDLGQNLLY","63191",NA,NA,NA,NA,NA,NA,NA,"TRBV20-1",NA,"TRBJ1-1",NA,NA,NA,35401538,NA
7,"TDLGQNLLY",0,NA,"CSAPGQGEETQYF","Human","Pathogens","Adenovirus","D000256",NA,"1","Yes","Yes","HEXON","P03277","TDLGQNLLY","63191",NA,NA,NA,NA,NA,NA,NA,"TRBV20-1",NA,"TRBJ2-5",NA,NA,NA,35401538,NA
7,"TDLGQNLLY",0,NA,"CSAPGQGENTQYF","Human","Pathogens","Adenovirus","D000256",NA,"1","Yes","Yes","HEXON","P03277","TDLGQNLLY","63191",NA,NA,NA,NA,NA,NA,NA,"TRBV20-1",NA,"TRBJ2-3",NA,NA,NA,35401538,NA
7,"TDLGQNLLY",0,NA,"CASNDYDNEQFF","Human","Pathogens","Adenovirus","D000256",NA,"1","Yes","Yes","HEXON","P03277","TDLGQNLLY","63191",NA,NA,NA,NA,NA,NA,NA,"TRBV5-1",NA,"TRBJ2-1",NA,NA,NA,35401538,NA
7,"TDLGQNLLY",0,NA,"CASNLADDEQFF","Human","Pathogens","Adenovirus","D000256",NA,"1","Yes","Yes","HEXON","P03277","TDLGQNLLY","63191",NA,NA,NA,NA,NA,NA,NA,"TRBV5-1",NA,"TRBJ2-1",NA,NA,NA,35401538,NA
7,"TDLGQNLLY",0,NA,"CATQTGGSNQPQHF","Human","Pathogens","Adenovirus","D000256",NA,"1","Yes","Yes","HEXON","P03277","TDLGQNLLY","63191",NA,NA,NA,NA,NA,NA,NA,"TRBV10-3",NA,"TRBJ1-5",NA,NA,NA,35401538,NA
7,"TDLGQNLLY",0,NA,"CASSQVVGQAHSPLHF","Human","Pathogens","Adenovirus","D000256",NA,"1","Yes","Yes","HEXON","P03277","TDLGQNLLY","63191",NA,NA,NA,NA,NA,NA,NA,"TRBV4-1",NA,"TRBJ1-6",NA,NA,NA,35401538,NA
7,"TDLGQNLLY",0,NA,"CASSYPGNNSPLHF","Human","Pathogens","Adenovirus","D000256",NA,"1","Yes","Yes","HEXON","P03277","TDLGQNLLY","63191",NA,NA,NA,NA,NA,NA,NA,"TRBV6-6",NA,"TRBJ1-6",NA,NA,NA,35401538,NA
7,"TDLGQNLLY",0,NA,"CSARASVATSST","Human","Pathogens","Adenovirus","D000256",NA,"1","Yes","Yes","HEXON","P03277","TDLGQNLLY","63191",NA,NA,NA,NA,NA,NA,NA,"TRBV20-1",NA,"TRBJ2-7",NA,NA,NA,35401538,NA
7,"TDLGQNLLY",0,NA,"CATSSAAQETQYF","Human","Pathogens","Adenovirus","D000256",NA,"1","Yes","Yes","HEXON","P03277","TDLGQNLLY","63191",NA,NA,NA,NA,NA,NA,NA,"TRBV19",NA,"TRBJ2-5",NA,NA,NA,35401538,NA
